names,length,width,height,noseLength,radius,tailLength,endRadius,dragForce,dragCoeff,refArea
uuv_0000,2379.9176324137497,921.6726953401558,641.8334961138423,3057.6995894068305,204.1012882581546,2023.2632877236488,67.47674733082803,9.8391817,0.1532029,8.40295178e-02
uuv_0001,2268.184697030487,1370.413887241277,781.0330953584955,2545.226452951054,377.72605768601284,1183.1474544241355,28.704607078729058,40.048639,0.094285395,5.55754807e-01
uuv_0002,1692.0002419467778,1039.5386767632426,1333.4014475557738,1796.5535140089078,466.03506061227154,1925.5361904093288,36.8193795752443,45.874279,0.063335432,9.47681498e-01
uuv_0003,1152.116361814378,1689.0080283577752,1426.8200684691813,1583.0442682935245,317.78991228642377,2192.5740866611623,19.518093463384155,13.370305,0.014585276,1.19940695e+00
uuv_0004,2132.8037053603502,471.3033966877646,787.5311536819535,1088.4609489226998,226.18572831253468,1173.1238800967776,29.04334062708657,34.418636,0.01938518,2.32307757e+00
uuv_0005,3554.488295156101,832.3861282697209,1078.1089668459258,3109.3269116909228,278.13675886726514,1109.1545020623166,52.306785579094836,21.586273,0.086323622,3.27180869e-01
uuv_0006,1736.5282955398593,1759.9848868060085,578.9209335159001,3293.0878528472795,271.22648552054824,2351.452402877835,45.17218767716401,53.08896,0.083598391,8.30895090e-01
uuv_0007,2636.473102925887,1772.9859593137128,525.2945453072819,3679.332154073496,209.90222036001117,3599.0125211778827,44.365019453575364,59.186959,0.081033082,9.55660334e-01
uuv_0008,1476.3100197547408,765.9074419083822,1207.8755523432285,3937.12620066898,363.80284766047293,1658.7782684628264,33.796742595429286,76.063637,0.11139245,8.93431377e-01
uuv_0009,3871.991327559477,1340.1492988591722,1930.5638489220287,2399.342931132309,342.52597968393326,3665.9100924622676,15.738057334063578,41.003625,0.066124543,8.11333594e-01
uuv_0010,2960.7069283949204,1940.612556080142,1396.0511792025422,1902.9240605744546,581.4731067166031,1269.188619109667,38.43565863271124,83.466582,0.043921192,2.48644239e+00
uuv_0011,2363.6928211227078,1408.2531366061949,1859.3883965534783,1809.0700550235351,497.3959446397092,2698.9634155437734,45.027664768446485,28.40472,0.015366637,2.41853054e+00
uuv_0012,2549.067883184878,1884.8309440334624,989.7320210179156,2275.625968284631,336.68261575969296,2830.209611504459,53.83061005476783,24.55478,0.013354019,2.40582462e+00
uuv_0013,1130.7400907982549,681.4449669875465,1876.276357552427,2012.1739289980558,204.59708838143962,2086.780394425442,10.975607520520763,63.879068,0.047273653,1.76798797e+00
uuv_0014,3955.066023906276,1957.4801155256723,1200.494293159067,2662.660794818419,480.88161542685424,1554.9557628044788,67.45998574638895,56.472836,0.059462571,1.24261275e+00
uuv_0015,3703.4499587269247,1706.4056291534062,1215.1811047292376,3677.501225816369,340.2936342838537,3070.2615927277598,46.348628826262356,24.50737,0.014906114,2.15115725e+00
uuv_0016,2299.733768226815,1353.4334493382753,1122.734550965677,1172.3052484807597,545.6786522326302,2399.685743514546,54.730497419818484,71.694871,0.047520951,1.97398049e+00
uuv_0017,2641.8021128481505,842.6758408258476,897.7498094959401,2156.912329675078,256.6825020769711,1448.782893786467,36.144466562855925,71.694871,0.047520951,1.97398049e+00
uuv_0018,1699.429597765448,1055.7463284441003,1298.327229169914,1776.3775885270488,406.5152325867125,1615.1980002652165,85.2613928439389,10.023814,0.018739444,6.99868065e-01
uuv_0019,3903.568937956157,1454.4815492089976,586.5570565094575,2910.757605030242,210.16163871983258,3755.274279097565,22.064795458392272,14.866013,0.015831066,1.22863883e+00
uuv_0020,3675.301864207379,963.0088716296978,479.2319677392221,2311.969314473996,229.45852845257565,3511.432557525833,13.69696239451747,73.179618,0.11746493,8.15120476e-01
uuv_0021,2647.473688856776,1178.6876340181511,930.8429039483179,3066.7550617252296,444.0921927450108,2650.2449197541064,43.269150122981856,44.138917,0.13875174,4.16220176e-01
uuv_0022,3151.195629864805,730.9896171597973,1688.2996181149958,3018.3072291320477,213.97222898376023,2655.1925867354485,44.268670497168806,51.167967,0.072170851,9.27633089e-01
uuv_0023,1825.9934590703356,1823.2967622845479,1831.5876489843517,2262.6795736083154,504.59888873713885,2847.2230095971327,94.40971291046118,77.792573,0.085187844,1.19481426e+00
uuv_0024,2318.0464307188745,1992.5124331884326,1079.8473137974088,3341.659443381433,362.27380227097154,2935.4717727861134,15.167019582407173,30.885835,0.012949637,3.12062536e+00
uuv_0025,1108.8636763401141,1671.9448494745006,846.1810154230076,1322.5761017030163,394.67593690070936,1108.2113604046472,21.333782639523314,84.68913,0.054348519,2.03882452e+00
uuv_0026,3514.4262010307184,539.4875377984796,1316.6098254998858,1612.516786563475,215.14788653250085,1588.856195537844,25.35396618801184,20.183167,0.020617276,1.28084896e+00
uuv_0027,2631.999456704934,1517.2473900146222,1819.0686900545281,2500.5266188148807,435.88040819632124,3911.432283177497,18.127649110865782,50.47869,0.098505678,6.70481350e-01
uuv_0028,1955.0701995967277,1466.5755124297093,1401.362296888101,3833.305258076526,337.1170885476025,1870.1495833279155,46.32727783820344,28.351536,0.014285829,2.59663587e+00
uuv_0029,1623.7184970885442,1424.104087817546,1619.4050475737295,1804.2287148812334,569.6247351077818,3403.7937130043124,17.889833709008975,19.433798,0.012989561,1.95750599e+00
uuv_0030,3637.433327498318,1828.521936450648,1607.0897614517137,2059.968672592711,616.9698846296842,3153.5996111405434,16.260665801518982,18.561791,0.011979843,2.02725630e+00
uuv_0031,2181.6000472318615,1705.2197000330243,1135.5130685012377,2022.4874353624602,399.2214471303651,1184.5700024606538,47.16821525840098,24.749775,0.012400485,2.61139443e+00
uuv_0032,3985.348955451203,451.0367243149716,1411.6202051228622,2655.3026155891384,222.2544263308757,2982.7486967242085,10.980722103365368,24.088393,0.017516415,1.79929555e+00
uuv_0033,1944.386434031167,1203.5643713351728,498.1399295508595,2263.990457439742,204.27405482348962,1485.3769295510879,26.29304093503005,61.095655,0.13452181,5.94234020e-01
uuv_0034,1975.5650079757343,1596.4512610546037,1782.3578249553102,2341.025031656841,578.1403834441207,1038.068391570991,93.68748277295319,38.005128,0.088219927,5.63657638e-01
uuv_0035,2237.028366562635,1480.2453486190404,1798.0356417319601,1168.2416674428928,706.4345571145157,2303.5700079399967,64.05554027916799,31.38517,0.016052804,2.55807621e+00
uuv_0036,1163.763849053501,912.9100391519049,1081.7480467201194,2847.9319069233698,280.0287394260414,2101.346424063356,63.879915308077486,22.614029,0.013253255,2.23251955e+00
uuv_0037,2117.9507756930598,727.2760863448077,1929.6187635689555,1834.7627519663845,296.10058113528424,2507.792741032091,56.73546466586684,27.8951,0.039666838,9.20111010e-01
uuv_0038,2231.57034827034,1712.7344443167513,406.41531503954445,3429.067189852399,202.41968614260776,1006.3001132116074,59.111560131701516,50.379616,0.049636316,1.32799121e+00
uuv_0039,3401.11305132254,1777.8501088542914,1616.7693750917263,3180.714623245327,718.8138870245047,2186.974172731937,37.81693008632997,57.641218,0.11411673,6.60881666e-01
uuv_0040,3522.997497971684,907.7075928165932,578.9405068882758,1593.1619567139664,241.9190449101315,3142.4989297987668,25.10202118179957,19.813685,0.010667492,2.43020449e+00
uuv_0041,3389.07963868427,849.5683910492978,1580.317915166911,1010.9460917818653,263.3750580963073,3275.602926253336,53.87335204273563,41.107121,0.11318472,4.75192012e-01
uuv_0042,3076.3682997161277,923.4887009088557,536.3067560931459,1411.5702414711154,246.67746214496964,2047.880732603702,15.192437786076411,45.68286,0.04658933,1.28294109e+00
uuv_0043,1416.8408076559645,1234.4966022495128,1531.131567752264,1370.74571104777,210.54069707187355,2497.9498994133664,84.50365900811366,34.33051,0.1014017,4.42970597e-01
uuv_0044,3056.492509400105,484.67324196168846,1066.6198315800334,2459.7112429493263,231.62709580755566,2064.582654018099,38.81130444426246,32.612119,0.023038815,1.85207581e+00
uuv_0045,3716.758336025634,1129.6377827132142,1068.8528004508864,1442.2876634136355,281.52189225773975,3371.119434978615,78.80320495221542,41.092271,0.11418654,4.70852759e-01
uuv_0046,1710.8751531277046,1856.8771611375605,1306.7715202626891,2444.090667713417,335.04641170098904,3650.2588890301467,56.89061605189339,36.495334,0.041912645,1.13928445e+00
uuv_0047,2784.741482456585,1616.7758486099108,789.0324390422364,2502.990368792647,330.80391637187336,3209.092874368003,71.0113006784423,25.466443,0.014300389,2.33002370e+00
uuv_0048,2760.2171496286305,469.48901791664747,1507.4200004495665,3873.124156957478,212.70933232004506,2068.5342170998083,96.14841836754296,70.050387,0.077565521,1.18163056e+00
uuv_0049,3577.011713168087,1762.025138302922,1433.3707149082188,1576.2616120487094,682.5926064646947,3524.577645867065,56.19477201143233,61.985024,0.12125899,6.68825316e-01
uuv_0050,2565.9822279412215,1788.25449445379,715.490801461204,2176.4205113599683,320.602458331708,2818.4926878182796,36.183794963159784,38.252998,0.023551985,2.12509258e+00
uuv_0051,1134.8542568867772,1640.9776825050856,1067.7241622295746,1981.8097362122621,367.3311668767066,2907.9439579444916,40.371341228732476,67.71658,0.074384429,1.19111276e+00
uuv_0052,1189.0476343633936,627.8241201262017,1954.4173813616712,2139.096217436067,226.41930033980566,2603.505746592888,68.9569775180652,17.853589,0.014277553,1.63610679e+00
uuv_0053,2838.9639194375736,1896.9242414879052,1060.9579285087907,1351.5165686217472,430.5632052468701,2682.9785532319897,76.28745981646723,59.135703,0.065408957,1.18291197e+00
uuv_0054,3716.1574034795303,1520.641390806022,980.6253495986987,3492.4929506610974,485.6734868683381,3068.088130502103,72.36679648346649,53.004534,0.037422159,1.85320758e+00
uuv_0055,2813.669138948808,754.5326489641368,1694.472966623486,2592.507460206344,236.4843000800413,1804.1773111823227,69.20589228414732,76.786805,0.077976624,1.28843365e+00
uuv_0056,2769.458451872929,782.9429459213831,1548.0245799422487,1041.2595461303447,353.9485917900601,2693.144838866937,49.54638915990344,70.740841,0.075223432,1.23043016e+00
uuv_0057,2422.501800975856,1253.2889089270082,647.384994061342,3881.4207645038614,275.352792242277,2961.717367418415,10.60777581390338,41.086986,0.048680917,1.10429581e+00
uuv_0058,3358.0346255688937,1022.6206560132816,589.4990361970887,3259.4071704844378,259.5102436320412,1449.0140106785998,78.79216290621704,53.915321,0.094537991,7.46183625e-01
uuv_0059,1632.6880285462194,1223.6230596011933,777.363308036825,3444.044562205777,241.44613419446523,3365.0191786926025,44.69235347266897,44.692605,0.10730727,5.44937149e-01
uuv_0060,2007.688296784128,1332.3679178970106,435.48503331135856,2390.499966113138,201.20976228750564,2008.8305945599495,75.01034567647562,52.978253,0.076925626,9.01086506e-01
uuv_0061,2345.7633244147055,1708.1162634782586,1914.7940291308664,3648.3802214845514,406.30119838330165,2753.237831358121,67.08873474208883,42.784997,0.10263603,5.45420612e-01
uuv_0062,3959.930971215427,1369.977145048097,1242.9620515362785,2225.4136610675355,307.1118021394478,2513.070040713246,46.35346329649627,40.739431,0.01703677,3.12872645e+00
uuv_0063,2728.635701091691,446.0979481855695,658.7604027362719,1922.6135767154187,201.2454141709873,1260.2107072571648,52.4130487553192,39.353844,0.031750403,1.62172719e+00
uuv_0064,1468.5832793927643,483.7142958265634,1274.063611965126,1709.3683431800916,216.72170933163156,2301.7606667033015,55.557902245708895,23.799394,0.12020123,2.59057912e-01
uuv_0065,3284.8283496203476,1143.7351427472233,1657.8164080383533,1669.827130986555,403.7775332299292,3131.739628739096,60.763735458518354,36.558004,0.083055053,5.75912239e-01
uuv_0066,1703.3323506046581,1103.3041149780415,468.1232976891284,2466.338703853597,216.39707592375163,3438.9378839977107,15.559349313426711,38.969673,0.029037075,1.75595663e+00
uuv_0067,2248.944376997242,1174.652513246143,758.88198020868,2571.3340272582627,294.35166263214853,3126.8738281587366,14.00450356322571,38.375972,0.10543778,4.76214949e-01
uuv_0068,1194.50854137419,1721.4300282091585,1116.7998680979742,2857.9082885846005,458.36134539068206,2047.8165367163647,86.90025238945587,48.22921,0.077242794,8.16943581e-01
uuv_0069,1872.4572560429253,1026.76679693276,875.697781261299,2174.465747239543,262.66722827139887,3661.12469645608,67.50498515071725,17.971318,0.013498995,1.74188063e+00
uuv_0070,1962.2766479891995,1327.357671041603,1290.3288424434945,3323.277275875214,262.58542072837554,2502.2977477567147,51.36951885886003,27.040424,0.042127318,8.39826493e-01
uuv_0071,3986.9022200389136,488.53213217063995,955.7444871422647,1927.2458549587973,225.4838699030845,2655.141463387423,91.99509216464816,17.790736,0.014078122,1.65344240e+00
uuv_0072,3722.401403302695,665.1273398060066,415.1319029274088,3128.524774146574,203.65214471112284,3613.526802478807,75.92132005998867,45.78119,0.14153899,4.23205099e-01
uuv_0073,1340.271290398593,1419.8109925393178,1999.2540849461654,1495.1716046490296,652.9775368626193,1494.3836883956396,19.061661586046494,36.771444,0.20008925,2.40451125e-01
uuv_0074,1047.8034279764508,1446.8410226363264,1318.6672580140837,1594.6629573035702,338.24398472967033,2814.095188515593,61.05614036121552,32.77592,0.017347682,2.47202767e+00
uuv_0075,2356.146912969649,673.2199414300759,1838.5579572207114,3112.0253685468724,325.987405816843,2092.5626680771065,31.329016859453077,22.644346,0.016372929,1.80956130e+00
uuv_0076,3875.841396509204,1728.0773512786527,884.5263336773424,2615.076083443605,230.72443465182218,3577.0437996992655,88.8229184896713,66.833218,0.07627574,1.14642549e+00
uuv_0077,3164.1275763715457,1676.3004919480966,1131.842423606352,1349.6272764487558,564.6228403246294,1275.8856111469552,89.3715540865825,94.821075,0.083668765,1.48279600e+00
uuv_0078,1904.0236072249427,904.0481484917525,832.9256719147676,3558.071898918946,390.3941821764855,3014.4373576991457,91.37579791950554,20.357716,0.016408941,1.62326113e+00
uuv_0079,1498.6562219855095,911.8402471557939,1142.9267985506606,1646.5739575478851,437.2066565614741,3464.187357108617,68.72992788022853,28.264582,0.059457669,6.21977370e-01
uuv_0080,1366.2111014112693,1153.0451168250686,775.5686485550939,2803.542292369687,348.40511883095434,2873.3025002977674,33.57958892469411,11.281482,0.01681488,8.77833758e-01
uuv_0081,2011.3689027399714,1359.901724539006,1145.1957172814614,3095.238023043665,444.28141932988854,2953.0849595702457,67.74830730368272,37.837756,0.062674705,7.89901553e-01
uuv_0082,1619.777073732041,1796.3014608292472,1043.7079529905127,1872.190578683032,417.09787220296585,3130.600270011932,25.837904174843512,13.671079,0.012890284,1.38765085e+00
uuv_0083,2826.573050004989,1003.5678961846287,941.2619932273415,1691.418857378149,413.5527679567333,3054.1751717949032,36.918312439821065,19.074763,0.014465874,1.72525928e+00
uuv_0084,1500.1728754825408,1287.7197878553702,441.752935972373,2301.0140296335676,217.31943936785373,2125.4835574616127,53.44170831557947,21.004552,0.034456313,7.97598830e-01
uuv_0085,2215.09178754177,1339.5690953367339,558.1655328477694,1086.3532065533816,223.4739842666874,3617.209494225034,28.292325733513913,36.99283,0.091628287,5.28235867e-01
uuv_0086,1115.3903578317802,733.7588102328723,1574.035363941541,3814.0761364473697,343.1973616122698,1432.204358400724,38.32737208217344,40.431158,0.075060577,7.04764748e-01
uuv_0087,1504.439775379683,976.5317390279538,1087.7165028767135,3517.4169262917735,367.6277769840723,1754.0026252922353,93.08835901497541,50.055656,0.062155267,1.05369546e+00
uuv_0088,3468.094808623401,965.766840582409,884.052995904111,3341.0218742885572,349.3538146356568,3361.04488446627,34.17117554538854,11.405877,0.01577499,9.46018162e-01
uuv_0089,2065.56609286457,1113.0375249903711,585.5038086579249,1105.5395098896543,216.53739764954264,3679.5780321845973,92.89657692467587,51.630371,0.090206327,7.48872946e-01
uuv_0090,3703.4418142043232,704.055533174196,590.7476012213649,3387.560372509911,241.41854103230617,1115.8023969368282,87.47965534446352,41.076614,0.087906647,6.11382233e-01
uuv_0091,3076.1964076404115,1705.8325465918074,867.5850235556702,1325.9515612007744,326.9071295842217,2541.1982156014205,68.41200679863405,35.304729,0.12627241,3.65817361e-01
uuv_0092,2639.21609982809,1692.2003910666413,1419.3122671643619,1398.5540885462467,528.158171963422,3395.2287372667715,19.940988252348326,61.649898,0.058111838,1.38805809e+00
uuv_0093,2151.851521462596,972.4124900873527,1833.7325786972106,2194.4665308917156,413.246981586283,2264.4089779824494,80.95705321935267,23.771461,0.014386087,2.16198703e+00
uuv_0094,1527.0612036770303,1322.2598507217208,1198.3310228618907,1625.0224115835308,213.45377255483828,1572.0569902102172,64.74062287799805,18.610215,0.014880261,1.63636708e+00
uuv_0095,2515.6486921434225,1885.0056974936858,1462.6056244841643,3319.367338464515,259.0129964554327,1376.268837582686,41.4229439728078,24.717515,0.020927437,1.54535640e+00
uuv_0096,2036.1759980783763,853.9029046119322,660.344166553055,1795.564689627078,249.68922292863198,2241.9787406463197,24.850952092871946,38.395962,0.01861073,2.69936755e+00
uuv_0097,3285.4132883416473,1804.7753597832195,1725.732988002892,3831.72322090261,690.1288353493701,1493.9192287855042,94.22209335776405,28.20949,0.072331727,5.10277350e-01
uuv_0098,2185.4317974724427,1463.4785245518387,1597.7320556625132,2732.0203068879,719.3801888329009,3205.3711370854976,91.07302615389959,24.215681,0.011712624,2.70509410e+00
uuv_0099,3586.1357557432657,968.5926869749399,1918.0935775459006,1021.0709846109216,307.278924056311,2157.7746216568303,45.09169992896574,26.205127,0.018108982,1.89335529e+00
uuv_0100,1935.8258415458254,1992.1388848177123,1985.220203384702,2578.9950785180094,935.6944431652606,2252.0004064975838,55.00782757961784,49.620833,0.036541547,1.77671191e+00
uuv_0101,2888.5983172401793,919.9508891421942,1747.3610204053116,1000.2242867124678,264.5332838565603,1446.8660915037347,62.32924892459987,26.17841,0.010696378,3.20218506e+00
uuv_0102,1827.4057999716483,1126.5489032239207,628.4383938918218,3514.4400365689576,227.60164034774894,1615.2979980656332,20.458434827400673,72.299576,0.061134505,1.54735244e+00
uuv_0103,2534.885736232017,850.074563555414,1109.886499813148,3142.259818835656,413.4090193335106,3377.261850305705,60.32393348861584,40.806031,0.080474677,6.63445128e-01
uuv_0104,2269.9239871558248,1263.6992532206355,1102.4081394488178,3599.939621462671,315.0835296554159,3619.235958479054,90.86848544659915,45.381901,0.074543293,7.96551769e-01
uuv_0105,2618.3811651005863,777.5076342913511,1796.458131872565,2615.753081145879,264.25439552346893,3279.70571020936,26.49903302040011,47.974519,0.047998982,1.30773122e+00
uuv_0106,2794.782280469536,1847.0032088670819,1802.6469460180344,3933.332407406522,315.0417175040333,2249.1920973876777,69.66443893040135,75.487985,0.073891217,1.33667218e+00
uuv_0107,2979.5094147408063,1280.8210659987826,821.1746986203209,3644.7474598036974,332.1578619831686,1251.53367936951,74.42096564395051,33.033435,0.013322573,3.24418417e+00
uuv_0108,3020.673229608643,806.0658700634822,1182.3605669523374,2633.9036821429754,291.62714867975546,3918.6803043027903,17.974247770942544,56.362002,0.077062165,9.56940855e-01
uuv_0109,3550.360713455265,1353.7439493298805,786.416337579757,1878.339907110199,357.79518745769417,3848.3519689633526,71.3800372412913,56.538187,0.084067253,8.79943753e-01
uuv_0110,3725.8869730699757,1650.3702704435757,1493.8922044384658,3005.4985297284725,519.5129502501096,1548.8000826975317,38.10279781965595,58.194427,0.079764976,9.54572796e-01
uuv_0111,3181.1165804195157,419.6558207797256,1601.2171693485886,1380.562528689732,207.39159593559657,3029.4345579969167,56.7870924663613,22.900639,0.013415494,2.23347368e+00
uuv_0112,2642.8342044498454,1438.2524803806082,438.4935707034849,2550.2715538793027,210.2003063735318,1814.8606067630458,76.55409603201267,60.79677,0.12527613,6.34968314e-01
uuv_0113,1179.0335766555036,1843.319454371868,490.3631030476397,2902.5726672541514,237.86892836709671,2376.1335572149756,25.443383678107995,49.659446,0.10963423,5.92646302e-01
uuv_0114,2741.6351982310616,1517.1555053847176,1716.8043051394268,2787.066642500078,209.1100282252084,2618.4076754828793,25.631237718417275,52.150276,0.079777009,8.55300542e-01
uuv_0115,3767.9277300612375,1253.653128658223,1283.2174136981362,1767.662140894554,210.81530744651042,1044.2356555892602,84.25474706178063,33.377547,0.017011599,2.56713774e+00
uuv_0116,3806.5741870519537,1221.6820071065815,1968.7657527800998,1613.6074266840455,521.8510148199487,1420.4845934077143,28.252355875794443,30.496825,0.025407822,1.57046070e+00
uuv_0117,3876.676999548791,1951.0208141710368,1516.188955141753,3135.152973203154,204.1162594343225,3268.486762302812,61.23643819871682,27.271441,0.016434829,2.17111481e+00
uuv_0118,1708.316014886886,869.2361836176008,1423.170439036679,3463.4061386990643,392.49450446157755,3276.8380911030035,95.5383128021979,72.503586,0.032462461,2.92225385e+00
uuv_0119,1263.4488269902633,1948.340237085214,1266.2058676145384,2148.689160998033,206.63936602910516,2912.5583030102916,49.771128169391936,59.3645,0.070314799,1.10463796e+00
uuv_0120,3061.8988041657676,625.9986952506175,1210.7385713073452,1562.215607597673,293.4690971276739,2208.285185595068,83.99741814190122,33.883502,0.0182422,2.43025002e+00
uuv_0121,3423.6695348250905,997.929673844716,1801.0889897770444,3150.130467960763,332.99541379026914,2447.1429880130327,87.67995652127503,46.337643,0.088652901,6.83881532e-01
uuv_0122,2822.4942123158085,1811.6172952153388,1214.6005571152564,3985.184666136425,213.91303022094363,1899.8892620868496,14.631335628489165,84.634689,0.065058962,1.70208469e+00
uuv_0123,3232.0072151100308,961.1806249866188,1954.5212023142951,3123.515367299681,257.1350252295998,2754.1172159416337,68.32764637079171,81.687451,0.049458551,2.16099542e+00
uuv_0124,3520.9049621743543,1897.8451854824987,419.6667161659139,2735.026088780468,203.26593477204355,3183.162365393005,49.2996872285179,95.485761,0.068577998,1.82177065e+00
uuv_0125,2124.5204664407975,1099.524521606526,612.9064694330541,3348.453643593845,221.35438631290162,3532.2125266559915,30.04804661009253,77.932667,0.13399574,7.60971562e-01
uuv_0126,1630.3817812704262,1896.6421442673632,1924.2294619690829,3450.5252967676724,319.4063458421065,2860.604316944915,26.63998343315978,48.298561,0.10002784,6.31761552e-01
uuv_0127,3706.023057997561,1220.286624441173,1967.3178904294737,2092.32532820932,494.97555891767814,1489.6830386948977,73.33664335543278,35.771171,0.01314029,3.56178816e+00
uuv_0128,2340.513460690403,1943.0885628555845,1499.2149675978549,2152.085713561505,652.9706388217696,2548.1485669530257,97.47830562842307,81.665722,0.048788524,2.19009028e+00
uuv_0129,3770.256491278634,405.4241418502578,765.5185392150643,2676.0029353672426,201.4817963397293,1782.2970316416931,94.4549774434843,23.369996,0.01200723,2.54657042e+00
uuv_0130,3798.268031041677,890.5807145298152,1119.672551432987,3691.6965940773694,308.1251467880503,1565.4359771254265,78.3985200758017,34.557172,0.1641356,2.75470625e-01
uuv_0131,3446.9006151155127,1749.0458152801036,837.8336437748608,1127.660886141034,326.07087185881863,1878.4437954383984,19.348264684459558,60.688788,0.086727735,9.15567465e-01
uuv_0132,1184.5484229584945,652.5415448610435,466.88312097690135,2789.3950466076717,211.39618605705567,2370.7450168920604,41.55839726857047,36.023731,0.034304135,1.37398536e+00
uuv_0133,2017.3145618935016,527.0656728300139,637.6145158883304,2188.742105114474,229.09748841487422,1695.468896758709,99.75460409482486,22.003998,0.10813401,2.66243601e-01
uuv_0134,2547.6882485613764,653.3325355859837,1280.6867841223284,1312.9175734318999,229.3521417889963,3231.40161442578,93.75823074736834,25.744696,0.11577365,2.90949719e-01
uuv_0135,2792.788850995073,1589.8638451119741,1901.5159298746717,1740.733512806139,439.63332100312977,2443.272556956621,80.6946314903984,51.695051,0.085453917,7.91510874e-01
uuv_0136,1612.349945231954,771.8817771304344,1214.6502596113232,2745.9914739916494,378.3336924071788,1024.5024682014946,70.25658203052203,33.930734,0.015538968,2.85700481e+00
uuv_0137,1252.5050988269554,1148.6173944832128,1285.5741381484722,3967.6578416136963,558.1493920401947,2870.1017605396637,84.77737653476179,36.771214,0.059066971,8.14522651e-01
uuv_0138,1529.9956053988733,648.5822713446424,1523.058838619821,1424.3534200027252,299.4483687092364,1581.4759860923202,20.99221156667003,12.987559,0.014057447,1.20881819e+00
uuv_0139,1118.2343927886013,1850.4818858423896,644.745973631062,1985.1659158261548,221.32580088006978,3203.4797680630313,42.588919366157185,30.621067,0.043991602,9.10731654e-01
uuv_0140,3342.5901732049456,1716.1425129187705,1822.4723748277725,2161.593090027448,530.3230768380031,1157.049235693012,27.847009061946608,57.653082,0.06553785,1.15098650e+00
uuv_0141,2019.1810281307635,1628.9400937686655,1012.7223851636863,1743.118683762799,404.4024470065601,3004.692122539729,82.49931647418077,37.101058,0.016820948,2.88586304e+00
uuv_0142,1116.4269702820056,1689.4942362977486,1840.167452266683,1385.4438907094445,279.07204643676727,2482.957326064055,15.936780758490379,18.203162,0.015782291,1.50909535e+00
uuv_0143,2157.270519119741,895.0244263357781,1982.3341018308358,3546.744800738012,397.35955504576054,2079.468455786594,33.41607218091727,55.94577,0.024063045,3.04198146e+00
uuv_0144,3003.839366019555,1951.9581121484596,1683.2696199305917,1678.249188255394,351.57260490016677,3850.969321650572,52.74737630476058,77.736547,0.062076781,1.63846038e+00
uuv_0145,2654.4022169686405,1954.510008282941,812.0239648763292,2851.728761995517,215.5797399593079,1768.3937102200352,39.06599181700185,46.019713,0.018938285,3.17938517e+00
uuv_0146,3478.913393945768,1717.0907953977753,1957.99426470122,2526.8985789968083,586.6288120785581,1632.5339819322999,15.85000196079848,85.175585,0.07203375,1.54710216e+00
uuv_0147,1887.725693817655,507.28463110314726,1404.1259722845496,2410.7173356481253,210.75368594459675,1994.989972188779,15.917368770288281,31.073207,0.013259518,3.06618415e+00
uuv_0148,1663.2250869844092,805.7693758536107,659.9087371547199,1316.9651320729402,247.14213940585714,1595.2746649387648,17.384548680053825,43.991212,0.085381184,6.74129986e-01
uuv_0149,3885.9164981407193,1366.1200874561694,1053.439143566013,2638.6170089898296,281.9545201403135,2893.2951663126596,38.091267951742495,7.7530065,0.021167186,4.79233222e-01
uuv_0150,1829.3479797705925,604.599559843621,1068.9561944026404,2377.129659884924,220.43239180478207,2027.4078065528843,74.33175287961791,58.268712,0.055618032,1.37075454e+00
uuv_0151,2922.5269423549744,1990.5938136885122,676.1704373154427,1655.0206687820278,231.08164838009824,2319.4864498145903,45.32858572052195,37.392333,0.080932559,6.04504011e-01
uuv_0152,1011.7719690373257,798.2121162646233,1557.9461156930324,2133.961912824347,300.004586812404,1898.4985477024607,99.95331312181686,75.185871,0.075668691,1.30004954e+00
uuv_0153,1958.2888124340834,585.9696195963604,480.600977602435,2443.5685610507176,224.54891557528626,1399.7023420733613,70.30577836228044,45.182659,0.050692161,1.16619420e+00
uuv_0154,3269.305809285073,1222.587617392723,1388.3655280685982,2333.765489206514,488.4042152506245,2735.579541293515,38.25306776413066,21.365198,0.11732251,2.38267866e-01
uuv_0155,3547.984884170129,1660.4190420894174,1065.3265913616615,2072.1076807602394,361.3943593055046,3424.635884760296,92.69940008381477,15.46475,0.013558515,1.49234984e+00
uuv_0156,2514.591601219408,1080.3729913310992,1263.474160261852,3305.478932199899,273.1655258690497,3201.58178229117,50.29442488050678,57.627668,0.045515035,1.65659389e+00
uuv_0157,2856.1446673219216,962.920562048254,1938.5126489104657,3299.3691786334125,478.9976301775054,3147.665359695792,83.76413516371615,36.453482,0.036665852,1.30081978e+00
uuv_0158,1097.2481812719227,1359.921501257263,1974.4063215270141,3282.499153251934,545.2540530643444,1515.8668018228186,76.2144642281023,84.732784,0.066409932,1.66939202e+00
uuv_0159,1335.1396043315247,1923.3994429405248,1302.6221270101487,2755.725826620273,507.089459853948,3153.565849324893,50.615235330014386,27.627467,0.014878773,2.42948291e+00
uuv_0160,1691.3358677379701,408.0179825619322,887.1144222276364,3534.680395661227,202.78296301048923,1935.0157517005887,37.2843684487465,20.440706,0.011707493,2.28439860e+00
uuv_0161,2333.5280083542416,1920.2022837219324,977.9628504336365,1030.99628529798,412.4475803345106,3439.6943703107017,36.82438708566503,29.073358,0.11646864,3.26607434e-01
uuv_0162,1820.8126754780294,1841.2544833991308,430.1961215434918,3129.5592053877763,213.25173550006602,2002.6872109556239,86.3721961743527,39.828074,0.03009267,1.73168334e+00
uuv_0163,1836.3728465421937,1761.5047307168575,899.0089069084771,2191.8640611390592,298.06160956980364,2142.9776003611855,76.93782882971,59.849315,0.10399253,7.53003378e-01
uuv_0164,2574.409978800972,430.1572196895311,1146.9673075050332,3348.066523381436,202.79024793110358,3106.0373039751507,15.988204556207673,64.312045,0.055828065,1.50723035e+00
uuv_0165,1096.3053632648937,404.02738475902424,1914.5313223826083,2114.1381843639233,200.34223367916184,1500.5248503450998,67.36223041579909,45.151474,0.1289756,4.58040901e-01
uuv_0166,3743.2003331017763,584.4054132823746,729.5344853275143,1362.456106234326,238.72627885150143,3332.4825138848046,72.4741629748563,45.32084,0.080235737,7.39043486e-01
uuv_0167,3510.2598008150876,634.5541937319414,648.9556941418502,1524.6842581052897,225.2929408934682,2970.495037466332,17.95856861078581,36.806092,0.12761502,3.77361700e-01
uuv_0168,1231.960554670383,1257.964898055478,1080.9736180864998,1086.5184456745535,434.24769353451705,2127.07709278666,25.091066896162893,32.977458,0.11719515,3.68169168e-01
uuv_0169,1557.234936274504,821.2166124763378,1000.6382085030232,3335.8673797689617,276.8556195968461,2337.6792596612054,53.797613386176586,14.77446,0.016139873,1.19770923e+00
uuv_0170,2938.6345957746316,1960.416186875851,545.7817640844621,1454.4327788984456,253.54289696316923,1008.0681077663298,70.26399046128307,26.993538,0.046727716,7.55831772e-01
uuv_0171,2060.799137074553,1579.6371060989816,428.10743024849245,1800.7717041222895,202.47127122270265,1426.242159202554,80.18695773825755,64.82972,0.083597303,1.01466287e+00
uuv_0172,1857.2195029116224,588.3912423450777,1817.5298137956058,1993.150696152995,280.490245937952,2160.7033288096586,31.663369098288584,46.158158,0.094217028,6.41001374e-01
uuv_0173,2081.7196399417603,1023.5806330663852,1691.6061290639195,3609.7171422453557,263.4876186061541,1303.5602241604818,99.27477499295537,54.47748,0.071149736,1.00180595e+00
uuv_0174,1054.2855241011018,1980.427460600073,1808.6635776709682,1549.864149342694,256.59255189155255,2619.4746270203204,50.1136814985923,22.655986,0.01773089,1.67183082e+00
uuv_0175,3244.9694473451345,432.3867113964351,539.2627097345475,1868.5633938672358,209.19377912625086,1305.4937603006492,42.61740748861188,66.032825,0.024507654,3.52531586e+00
uuv_0176,2448.779613409579,1736.1096549474066,906.6415782734225,3563.5629087492134,263.1140017748293,2932.5017114625352,84.05340495871788,0,0,1.95554607e-01
uuv_0177,3759.241574696343,1103.770615027482,528.5624619554536,1415.3422838087713,230.3265552409311,3712.42547138565,39.8806718526254,82.520126,0.071291209,1.51448088e+00
uuv_0178,1592.9141261193977,1690.5082322548158,641.8676095600454,3271.814007442273,244.17581303763814,2647.232113784654,89.43484743048712,49.816396,0.12119021,5.37829549e-01
uuv_0179,3842.3739664748146,1318.7205377959563,706.3978802076118,2914.3547670668427,301.53608439042694,2166.297013187845,93.48105818153608,61.999159,0.078464594,1.03383673e+00
uuv_0180,1210.992143030404,777.4642018908331,402.3441657592905,2965.6982979688537,200.06853161246204,1415.6846093946033,73.1272142862958,63.457219,0.09729598,8.53347712e-01
uuv_0181,1978.6222218281837,1328.3426246595961,1174.6016956092835,3775.057529657877,383.0453604561312,3198.5089205837767,74.58486053322952,22.655794,0.1064764,2.78397798e-01
uuv_0182,2545.126473248665,1746.8499560074204,1238.4446758825916,2279.906836795413,482.8576941788129,1779.0487614584113,48.893779325536705,32.469536,0.029623074,1.43412117e+00
uuv_0183,1820.4345079111736,600.650801333526,1541.959918053508,2962.7765729895036,205.10833149366914,2189.6785347758055,90.85986456909922,20.341129,0.01355858,1.96291152e+00
uuv_0184,1400.2855665422182,1885.5292232504873,1378.346123588387,3620.872680194737,452.8852148227487,3895.8656278813933,49.60515247999616,56.552285,0.083134106,8.90042645e-01
uuv_0185,3846.199763269396,713.0426544494384,1860.2880785796824,3237.069278841005,302.8479817398427,1698.9289054569545,18.772190661756355,22.29858,0.012043043,2.42259524e+00
uuv_0186,2832.4099839109667,1269.9653501974294,1693.1747149798937,1396.4752806559613,327.8036225638611,2471.680004307735,97.6649573076445,83.776548,0.087855035,1.24765840e+00
uuv_0187,1296.9787399970326,1180.570362931046,1321.8534401053962,3391.1493311719573,414.0757745469298,2147.1995545946384,83.58412080183281,29.94269,0.019037282,2.05790713e+00
uuv_0188,3304.270237938963,867.0561000377411,1393.792928087603,1705.7124138820873,211.52885383961123,2590.891995303276,14.950085897378585,14.276835,0.013218458,1.41315897e+00
uuv_0189,1731.6828057055445,842.3696511009534,1494.7845157317347,3710.748363241588,322.4462389294302,2951.0105028833223,27.654551647806503,66.996527,0.074916564,1.17007671e+00
uuv_0190,1579.7148084537846,644.2758420858233,660.5762957497824,1721.6599071591227,315.96552553822096,2050.8347300350297,98.18139615837404,58.514391,0.065448585,1.16977496e+00
uuv_0191,1887.0073948572094,447.5831187098354,703.0652018739047,1185.514570558021,208.5367555813314,2749.5978505127077,73.8398120888301,20.527122,0.079046383,3.39770727e-01
uuv_0192,2395.235160183015,1024.5243846361532,512.0876349885534,1272.9012815181163,217.81861896857373,3985.621453608905,57.13617013774232,23.697732,0.11181664,2.77293843e-01
uuv_0193,3467.2609508056853,686.3913065788292,1697.4773770209827,1862.0383959675291,284.0379893313674,3522.499337639352,50.96431333679589,40.278577,0.10891277,4.83877245e-01
uuv_0194,2042.2537015910518,1531.0896245654778,1097.7074650447357,3355.4031010963163,536.9249923561388,1743.7264171778127,81.79305730900643,76.009079,0.09075671,1.09578818e+00
uuv_0195,3063.338023436738,1895.4088683734565,939.2967291876108,3750.8047574675093,406.55167970253467,1089.5092224039572,18.435710914373075,14.007837,0.01279108,1.43285991e+00
uuv_0196,2642.6082887079283,558.533228979891,918.740611922124,2750.23526611148,230.4420078905383,3157.6825587521416,95.79367596814616,88.994737,0.071076082,1.63825212e+00
uuv_0197,1167.358149449898,1430.6336745074252,518.0747451413229,1438.5367927189718,244.18073880025332,3745.0120074768847,10.55250669307026,44.70087,0.12510198,4.67510842e-01
uuv_0198,3498.3894901431577,1088.5953555795556,1845.8864899618245,1320.940104410198,200.3921795386748,1291.8871315110473,90.40096903696791,34.39829,0.065234417,6.89921950e-01
uuv_0199,2386.211448256224,833.5545735896471,1486.9769327304293,1590.43395601075,221.82741658075236,1622.2776250452457,89.80362140535537,78.120917,0.051757172,1.97486168e+00
uuv_0200,3040.542990602755,928.4053540500465,1244.938562519377,3105.14433074297,337.13468167264034,2898.044049326454,39.481210800715374,35.338808,0.038622418,1.19716036e+00
uuv_0201,3986.1844036837724,957.274215281652,816.1304275945679,2846.4474046354553,204.54793164607335,1765.9077992320158,35.21008437774448,57.690543,0.071337537,1.05809924e+00
uuv_0202,1922.0959669964006,433.7254661438891,1128.099107523472,1614.0337041574135,214.1939983321757,1617.4506919414957,48.42136737595552,54.632606,0.095908572,7.45305600e-01
uuv_0203,2359.9090564572703,1237.7123464262786,1819.4324620783525,2134.125968512397,252.213402944139,3015.7859246871394,34.74863143317592,31.696717,0.092194226,4.49832105e-01
uuv_0204,2427.355267085808,1942.7197850210368,415.1349167904634,3209.2306791592223,203.54100567613386,3046.8455724921896,95.16119342059787,55.30693,0.032932949,2.19729732e+00
uuv_0205,2496.3056623805132,1030.8570418274694,504.12217073746746,3161.723014794423,235.1724096589244,1268.6967112062243,31.459226632598924,73.973584,0.12555567,7.70868333e-01
uuv_0206,2306.703828116475,1233.6060488324242,1403.558405070592,1869.8050894185985,586.4082544482442,1812.4169486927244,60.425691167508596,36.46494,0.10105619,4.72120095e-01
uuv_0207,1297.8010730684705,533.284166144648,841.4097388126152,3520.8766152641083,207.47799432571406,1639.9205059340275,63.90343093842544,13.806517,0.012581276,1.43581775e+00
uuv_0208,3061.905888688878,833.8688605219794,721.2943747174354,1328.7158451268756,326.61871259429074,2191.8935015792595,21.853369703414256,28.948437,0.09199637,4.11712748e-01
uuv_0209,3661.934074926887,1629.22852378075,1151.69627652081,1434.061380498935,554.1709705062192,2600.909680264078,60.88039505050602,16.55774,0.042499169,5.09753844e-01
uuv_0210,3023.871822852625,1842.3345423194107,1887.9378589915177,2728.5095157491287,890.790077500043,3286.260840141237,38.394723509393316,19.07455,0.015478458,1.61237664e+00
uuv_0211,3122.409727291626,448.3152088471332,566.9852555312538,1242.1804255379648,200.934287231124,1332.2487695465572,17.982167963843867,22.442707,0.010502045,2.79602639e+00
uuv_0212,2933.11826360656,804.8406971396538,1863.9511212964017,1751.145174927799,368.31412468677223,3414.121257823541,35.381634631959855,21.58044,0.12864985,2.19477950e-01
uuv_0213,3286.5482718216344,1649.7194520503353,1211.5761795568878,2494.3146285153257,520.3917701226167,3082.7285692461305,68.0876700345186,74.045092,0.070020863,1.38359412e+00
uuv_0214,3091.5382407903885,1301.2547426595593,1679.7307838013883,1481.6732908674494,510.9972633503961,1556.8166624301496,64.21124312589211,37.726968,0.027951993,1.76595251e+00
uuv_0215,2590.367492798098,1280.0220855552582,1307.763023879163,2848.9043582479517,328.4567497450994,2971.903729733318,19.49015069475923,23.927904,0.015962577,1.96128885e+00
uuv_0216,1352.755278380963,992.3385342194208,1759.739227089204,3178.241556047018,251.21743523724723,3190.898874149797,39.96246603086102,29.441141,0.024361286,1.58122730e+00
uuv_0217,1242.06862475665,661.65508396668,814.9321549308976,1885.5714117001548,281.67969221508883,2186.721734003986,77.7729753357186,70.723039,0.054689285,1.69199301e+00
uuv_0218,3164.046899765094,908.0065502990259,744.7992077306133,3978.5070133151276,329.1943340229525,1778.0298328749182,88.98734635241172,16.516719,0.045881781,4.71002726e-01
uuv_0219,1112.7254809647825,1461.7794826512813,569.0358604977419,2960.0242678995937,222.968244166982,1848.4391052418773,26.863700948456618,45.093591,0.10118015,5.83121937e-01
uuv_0220,1641.544664934772,1995.4623281499985,556.2680847716776,3274.1195535459465,270.174258868985,2024.9199732841696,19.2654768767667,42.720071,0.070837367,7.89058945e-01
uuv_0221,2934.1031717131837,1061.4320510270293,1122.1757406931638,2444.73684139293,515.516975656217,1575.822345803303,85.05695072215609,62.906021,0.078590562,1.04727736e+00
uuv_0222,1079.2008705177345,1131.013021615492,725.8587405768342,1333.0382761778746,232.07040712424197,1389.268746560472,23.685996735468226,11.421593,0.015523856,9.62646787e-01
uuv_0223,2046.6763749836034,1644.9404626269527,1798.3328356284562,2279.734375353827,663.8078356612747,2446.621593814715,10.561768211130186,12.338526,0.020839783,7.74657942e-01
uuv_0224,1725.592422104291,1509.3042718368317,1970.0753149630398,3980.0338177621843,579.3523790170124,1073.5064371937892,93.26731902818774,21.834401,0.011075709,2.57934606e+00
uuv_0225,2584.6792747903755,1636.6321207701403,1913.594186892025,2645.6509542781628,484.6057492023569,1195.037989584857,79.02540506565163,29.618166,0.014433501,2.68488922e+00
uuv_0226,2166.361027557472,1580.4208770539062,1064.351598226418,3605.768453233398,235.11444743521892,1818.7300708188409,41.78864490308679,36.324756,0.016221032,2.92997637e+00
uuv_0227,3262.464889834252,622.9677343703521,680.6577312622078,1485.788702821411,252.33195110898046,1880.8802495045911,39.3812994436167,53.12088,0.042519997,1.63460160e+00
uuv_0228,2863.79782243055,1189.3585660967801,1299.534117185828,3244.9269449389426,499.1531477700761,2750.5624006639255,82.70940027926578,27.856192,0.098693729,3.69293850e-01
uuv_0229,2021.800976174145,790.0360482690044,999.8367716996831,2398.837895543802,312.61162051924435,1146.7573083210698,12.584766781880292,13.959808,0.01371845,1.33141764e+00
uuv_0230,3480.0758334809334,589.1727770682355,1880.0226458677307,1779.2266343554,284.05071323033496,3679.0322485605147,12.312064002300398,35.776074,0.066312246,7.05892930e-01
uuv_0231,1806.0810173734899,1061.190083936774,660.8308827299861,1992.3393586458717,206.82171641380006,1331.8457989124558,31.858213466818594,81.208532,0.10232949,1.03834278e+00
uuv_0232,1394.7615765877092,1628.5323553857836,1264.1671057649503,3415.1010436296847,533.6816890054397,3645.623710638603,64.77773871505255,35.740984,0.070375005,6.64489243e-01
uuv_0233,1574.136839382819,1161.2140204760658,965.1464606435727,1111.828128341154,406.4548474316505,3853.572869287427,70.21308188930963,16.020179,0.011555907,1.81385776e+00
uuv_0234,3778.048372611379,1825.943513385591,1263.4541534318523,1892.1578704611347,621.6328274046645,3563.597140169547,95.24159091599101,20.598567,0.027537219,9.78716267e-01
uuv_0235,2784.0572315537393,1828.1736624199893,1305.4710241864632,2358.8638825060416,347.062547480587,1839.5748998521526,34.580004984828726,65.045394,0.043095419,1.97481005e+00
uuv_0236,2783.2464673966647,475.17469032964004,562.696944284491,3101.205181942026,218.35644780270496,3081.032928885871,46.29544623763185,27.674745,0.015860186,2.28304903e+00
uuv_0237,1357.6459928847246,1938.7028767919994,1574.8745585297972,2223.394449098628,292.48544953334783,1164.307630229323,87.82782984948656,27.783695,0.1605718,2.26391764e-01
uuv_0238,1436.7587798245743,885.8459566031013,780.4817826308064,1108.2899902230074,300.92997237538543,3078.483067475597,64.57343671143518,57.271065,0.025147942,2.97970111e+00
uuv_0239,2273.8079394648166,1704.9082116981197,737.1361803570733,3975.7464120429804,326.39273801483654,2575.5951961270835,94.40334771329604,14.746304,0.031447811,6.13525556e-01
uuv_0240,1812.553005798046,1133.239167120055,1636.5045471586864,1720.6051510558225,446.7983053919278,1666.328762389508,58.995980646322856,70.934852,0.079656467,1.16514109e+00
uuv_0241,3986.608444148818,1501.4432793844765,467.6146061659981,1620.088107588987,211.08672314925258,3640.011149295727,69.11118531666102,19.774577,0.015373503,1.68296186e+00
uuv_0242,1755.8164055140887,846.6885797780997,977.8212275032236,1855.5339016563094,368.56618936037006,2741.4627318367984,91.99470663938006,67.174611,0.13240935,6.63783400e-01
uuv_0243,2026.3374288969094,602.7145918744246,840.8464800179893,1550.5413045839691,229.24281530201367,3673.325067956713,89.85377217302839,29.266234,0.053846543,7.11129836e-01
uuv_0244,3345.3700444030746,1246.691756951389,1194.587743635686,1592.6308234356839,376.3332425440275,2405.4288666703605,69.00265621137642,35.641149,0.10102279,4.61606850e-01
uuv_0245,1793.0253973769713,1278.4024139283301,1968.2608051550492,1052.101002078268,313.54012619251165,1534.12687589826,51.387416211541826,17.338876,0.016588889,1.36755105e+00
uuv_0246,1258.919444296922,557.8043489212117,1703.7395236974683,3984.516731937248,204.47164254354394,1463.066135290463,17.426563046732504,51.791338,0.027866504,2.43172539e+00
uuv_0247,1662.1591006692909,459.1547825198944,1360.5067553746196,2711.627619050824,225.46992892780762,1858.4714898146328,51.45493429755985,55.73073,0.079740639,9.14439362e-01
uuv_0248,3736.6506681390233,1292.4849813855772,1320.3887850280005,2898.6908775392126,518.7456987443134,2162.5070689106615,37.42642022870395,40.441814,0.091079546,5.80964588e-01
uuv_0249,3987.9357162298643,486.8037522486105,1668.9093054213008,2863.9081562564043,207.46788103830755,3168.3357226197113,61.044654232537255,41.37156,0.036692431,1.47524890e+00
uuv_0250,1048.1857298436835,433.6691070264848,1062.4113861585372,2824.3351686112114,211.3632470820833,1885.980786767614,16.236462345272454,78.33457,0.13218017,7.75402214e-01
uuv_0251,2286.6841361773727,1275.4193279850779,1366.8381656895685,3985.1209996266084,500.3922222249251,3813.25747286199,42.091310914106685,28.474339,0.088215921,4.22324783e-01
uuv_0252,3307.5955455171743,1640.9043168166306,1434.8895370620446,3041.9504857383336,211.7822091956323,2320.547577676459,73.01542291096371,15.796866,0.013526241,1.52803637e+00
uuv_0253,2178.993421841984,1599.1200095104073,1778.9657651516816,3882.2038934899792,376.2983514802653,3215.6979543000903,38.950333080047656,28.705879,0.016217178,2.31598340e+00
uuv_0254,2868.9024503932787,1624.48891697117,1902.202925679123,3469.175319528868,361.87087997287495,2627.5380042833303,26.562731490645422,24.038112,0.011549781,2.72311823e+00
uuv_0255,2359.309476140271,1704.8107407813131,1167.9092123355506,1340.931838458933,463.2111236739664,2793.367784867958,55.90675720340512,28.875549,0.012688939,2.97745229e+00
uuv_0256,1903.7835979772524,1661.5038277273247,1504.900780322264,1376.2847399863938,211.7011208619785,2395.8047888624005,63.5542679410578,28.385903,0.020557424,1.80664958e+00
uuv_0257,1081.4744047542715,460.891780346779,1088.1979713722567,3196.688889170133,225.16278934655364,2235.9986381567633,57.07546007357109,46.559819,0.024744616,2.46190026e+00
uuv_0258,1927.8890017104368,1293.786956353335,1254.8174447692218,3070.7906826158282,406.95981835943854,3394.657087970441,36.319655815785936,33.350613,0.09528485,4.57951896e-01
uuv_0259,2751.6182999579623,1622.2547676320353,863.1756044361147,3336.0042994408254,386.5815408148285,1408.7306008105431,33.09110619166899,15.084591,0.013325692,1.48109747e+00
uuv_0260,1869.7521570925132,833.2077635491189,740.9529163658578,2551.12287674492,338.8219089361528,2824.4091258305752,23.47434921181401,67.248928,0.069183614,1.27180936e+00
uuv_0261,3493.920353225083,1983.3019807081364,449.6639597888279,2529.1675311352133,208.264641073768,3610.93887521241,74.05377840796118,32.788497,0.082711049,5.18678061e-01
uuv_0262,3021.5691086836514,1859.2650726508691,614.513092979729,2608.409781943588,217.69845308949647,1596.55863903412,53.17477334182393,88.693561,0.13579319,8.54582491e-01
uuv_0263,2207.8231736080143,1380.980437926832,1489.7228879818706,1708.6971502725253,437.15128344658444,2970.0314638122854,66.01028423561921,75.471443,0.089626088,1.10176280e+00
uuv_0264,1078.109198478355,1701.188378569257,1562.0825644246324,2212.2081687311165,277.5494021786568,1451.5204707806536,50.866382649496366,21.691243,0.014992459,1.89300363e+00
uuv_0265,2070.297583903464,1380.8070578946717,758.5557929437584,2559.7656904718815,353.22595239056466,1448.1585497321778,58.662250026205186,43.70036,0.022065968,2.59120584e+00
uuv_0266,1026.9948685264403,1141.4248541592415,1728.1115774595946,2238.470005313158,378.7228848158752,3890.9513007775513,39.87487825536932,42.016842,0.058474372,9.40151264e-01
uuv_0267,3266.1340705774887,1349.9663729201134,1973.0431893406724,1540.3194842819523,229.58064342047547,3992.841052936124,91.8384110116819,20.092105,0.014216181,1.84919362e+00
uuv_0268,2781.2738921266427,1190.513666169526,1310.2053581548348,3907.419705959896,259.25657603867586,3309.8355368073617,30.857912274267058,66.263444,0.033113696,2.61822058e+00
uuv_0269,3274.338811531376,1981.058405789977,1509.774696442296,3426.705064173767,546.3288074144884,2794.5150693226346,44.48072156478355,47.050467,0.040986782,1.50196566e+00
uuv_0270,1908.4365912766352,769.5551186088994,930.4958598827053,1242.0926786033024,242.13888195407128,3909.4113769922114,57.69074263229134,42.587258,0.020378087,2.73436297e+00
uuv_0271,3984.4954011710474,1896.2083210955598,1849.9717639501519,2447.6114057855048,590.1114651504133,3385.5414927216257,44.97904789198913,25.600964,0.050320548,6.65657516e-01
uuv_0272,1650.161076181015,630.7866488707305,1707.946159558303,3091.6657419441626,298.7076769024511,3366.322107313753,19.288210171069405,50.352432,0.020532453,3.20862906e+00
uuv_0273,3028.292183958085,723.4255913906903,968.2797940674611,1633.0741596616776,358.9696091373201,1890.6787280203935,26.27950575701394,59.830897,0.078228981,1.00068577e+00
uuv_0274,1502.8242266671564,983.2529135254063,807.3706079959642,1255.369978845732,285.60506458809186,2068.39998122262,91.7330604791187,32.367914,0.071816295,5.89700643e-01
uuv_0275,2806.9200338399314,493.34085371781885,1280.6801022702832,1177.4069706219116,221.87131604527966,3510.902449628806,92.79484346233811,12.444727,0.022498091,7.23735035e-01
uuv_0276,2459.5235054040863,1280.0418521505271,1374.2745247886487,3791.3577351246495,215.70268212249906,3302.4004729890535,62.26892364975439,49.330682,0.10948708,5.89514031e-01
uuv_0277,3325.6454690509536,1376.0159926747397,1635.292553880269,3663.316894402754,263.9239500519385,2587.6070105538756,14.849046010181217,43.888948,0.03340286,1.71914064e+00
uuv_0278,2303.4871390681146,1585.411873595016,1989.1794538759225,1756.1116310900952,411.41223590680625,2923.509483962107,48.184736850118014,72.521202,0.043320662,2.19033125e+00
uuv_0279,1457.8251531930428,844.9385641774863,1013.3117690698004,3400.247195415725,397.4929575851769,2329.140557150285,77.9506378004885,34.31402,0.014924495,3.00823563e+00
uuv_0280,1930.577270052452,665.5486866081396,923.5010555674581,1459.1329523064069,257.48875845588066,3280.2533963057417,14.481850688724641,9.8238818,0.017843088,7.20365638e-01
uuv_0281,3902.0079227308133,417.68248670110603,1102.9879607639873,1723.4360882973256,202.02936564828036,3641.183606248883,99.66573646304857,29.606295,0.06946603,5.57636860e-01
uuv_0282,2034.991894697049,1323.7128870922145,990.9037747011929,1412.1361105451406,444.7999658649501,3890.3038528024304,83.5006199965221,53.782165,0.16533801,4.25603772e-01
uuv_0283,3462.460398209631,1355.5572259332955,1795.9555786820767,2379.8865958096762,537.210541508465,3039.2789930503423,92.77333515226675,25.030267,0.02868798,1.14157747e+00
uuv_0284,3565.99943795508,1009.1377012066754,1429.7237629084823,3805.4655394356573,209.52979700021552,1308.883819745601,92.26002602828572,24.240659,0.014506283,2.18639271e+00
uuv_0285,2631.074567008691,585.2701226000124,1816.3609415921624,3789.322575424277,236.1293756590931,2423.529902490241,35.64209215582809,62.381994,0.058089367,1.40508469e+00
uuv_0286,1931.3396385364645,1845.7151871552608,1707.7713914887497,2379.985775904497,361.1261955952892,2042.3274294383298,16.70271765254837,73.278794,0.094442665,1.01519616e+00
uuv_0287,3921.014081721063,525.7272250622179,1426.3369153544204,1816.353983911487,233.9390281936628,2536.93143434186,57.71677514495345,36.130181,0.015550233,3.03999686e+00
uuv_0288,3890.4259702543645,798.2191551293952,1484.0393814359647,2990.227062583276,378.71889812147924,3337.306015289839,85.45193849833541,60.917478,0.11340726,7.02814889e-01
uuv_0289,1934.722322250421,1047.549879121153,641.2281146282869,1496.5577934839691,304.2054357253213,1118.7361172893495,57.92769995791546,76.052612,0.093757666,1.06132218e+00
uuv_0290,3900.9043858402993,1990.0998913787798,741.1858077851352,1672.8739277854997,256.75041004250926,2428.508479951224,78.25057527212869,28.708466,0.063432119,5.92162174e-01
uuv_0291,3382.912266260569,1100.9095150060461,941.0598619937648,3730.1556444979565,376.52792786744203,2496.542469081909,85.95334070582068,84.704894,0.078137903,1.41836053e+00
uuv_0292,2868.218046326727,1041.8845540672883,1762.0098353941926,2470.2829034202723,233.32830774882007,1920.7844712532108,47.93711665786502,48.573984,0.069523348,9.14140465e-01
uuv_0293,2989.573595666504,1997.8307316009864,883.1957065917926,2465.542506834373,277.56225759589324,1223.9987329450496,59.34764643732611,73.962148,0.054091254,1.78904949e+00
uuv_0294,1373.9005836738688,822.2205903678444,1893.5735125595681,1512.2322185315802,347.3528881830288,3547.377227872232,94.95403244986737,91.2227,0.070281436,1.69825221e+00
uuv_0295,3489.224502998222,444.61918560149593,1539.5396032182487,2809.1225312080396,214.8776512273821,3251.1516302986024,18.698055276740252,23.536804,0.021191295,1.45321503e+00
uuv_0296,1651.8669692964113,1752.5064877456555,1669.9457443971326,1502.1985705388033,486.8466013193086,1213.5764522968332,49.387070568450184,64.851454,0.13159563,6.44789761e-01
uuv_0297,1301.3774949981234,1693.5894015217964,1329.8847701593563,2472.022431565954,464.0607389411051,3337.0018117051163,79.16754962525076,43.388646,0.02084963,2.72281185e+00
uuv_0298,2410.577534578425,1473.5115901329739,767.2391722908912,2561.5888343790093,275.1191588228821,2274.776417101345,85.95265478331267,19.98589,0.012649851,2.06717848e+00
uuv_0299,2653.495487861178,565.9051664339174,1285.6792644814818,2281.283745820586,252.48369371113614,3106.5253904947444,83.37376529979706,59.881782,0.073535948,1.06545450e+00
uuv_0300,3072.8654296497084,1862.843829711012,475.94038754126694,2597.5777525302465,234.07405553013467,3866.9174091782997,74.38046520053736,53.036582,0.10314552,6.72767572e-01
uuv_0301,2975.648882371652,1783.0727227667414,475.23889082349126,3332.290431161992,213.08016495466217,3934.9642533337756,85.16743057932281,78.073937,0.12168444,8.39481082e-01
uuv_0302,1630.0490218174964,1619.2211943800037,925.2770683606204,2344.875903540033,385.2617131685142,1511.290964576776,49.03935854897233,80.373621,0.13008441,8.08403484e-01
uuv_0303,3746.574266413728,1357.6057022673722,731.6181707414,1278.424735802772,273.00839724231275,1496.612057107824,71.75200639514573,50.801522,0.04849381,1.37066181e+00
uuv_0304,1738.7248247751281,1917.9278203577217,640.5263749313399,1129.215180312909,275.8128775172484,3282.5235165508884,55.06466766959673,55.49552,0.078146627,9.29153730e-01
uuv_0305,3621.222490783133,1696.0921787988948,514.8014088535252,3220.7857534483887,249.80614773011075,2960.295740550797,87.87760812298124,37.000662,0.041624997,1.16304138e+00
uuv_0306,3820.9422458669355,1146.341728498161,966.8243150316812,2378.08299750825,382.5318895474211,1370.1560944720804,74.50391246457023,75.817166,0.12105245,8.19471487e-01
uuv_0307,1498.6955301903354,1953.9269479584316,749.1033360067192,3734.6594605802716,209.61487960376562,3593.929844767036,86.82637702904475,13.155333,0.017518851,9.82508073e-01
uuv_0308,1797.8724919586086,1562.9783715116337,641.4092724391924,3446.6208129308093,228.1789674306661,2329.0935811792597,18.197497635734422,83.058236,0.076216439,1.42585034e+00
uuv_0309,3061.1821038755384,1388.8049648018377,539.5155247441011,1413.54979652162,200.83686403997012,2501.529858719162,15.06260275163757,57.582632,0.078666371,9.57728220e-01
uuv_0310,1375.8500756896815,874.7120402917037,1666.6108379575442,1024.6216527548856,260.2299404827339,3541.4649174620745,54.74373928032387,50.158705,0.091835608,7.14619883e-01
uuv_0311,3864.641955578117,632.9383803267419,1042.296546657496,3123.785574074759,224.25452808283902,2011.1561456726317,85.1129823332068,35.294287,0.032995229,1.39956529e+00
uuv_0312,3765.1521998168296,1868.672559895395,1956.501191863769,1223.0975883186202,238.59544061032142,3202.6373329867783,33.464545729061186,52.884543,0.1122387,6.16489950e-01
uuv_0313,2440.3515062333245,1854.4430981331943,811.2727787839788,2144.0327369275547,210.43143579700399,2966.9445718658208,23.967362191139635,78.771423,0.028572347,3.60713724e+00
uuv_0314,1680.8319712210282,466.78694784509037,1457.9892351807168,2977.6099617020463,214.4663848809954,3058.935112654772,77.5317944362684,78.229268,0.069800688,1.46638987e+00
uuv_0315,2469.8619282307764,1154.3802400707332,1602.5605721110758,2276.464952966926,282.041993707198,1665.428547662701,65.13356533147098,51.394135,0.10489443,6.41063491e-01
uuv_0316,3027.657019322941,569.3123672245658,1405.9665850534664,2083.7749115875836,223.3608282568919,1285.3434914937309,12.946379345394533,22.98909,0.01688322,1.78158445e+00
uuv_0317,3763.0882596902343,1160.5738766058462,1417.882764821819,2504.081489332361,245.94751145666982,3446.1972469455454,16.064574346229335,52.254681,0.09025354,7.57531755e-01
uuv_0318,1919.950818727065,638.1446675009237,1711.4524314642633,1998.9096377693618,225.8135323258801,3255.7327654951396,28.702142036871564,55.775134,0.04579296,1.59360909e+00
uuv_0319,3433.134177622025,1785.0168667795106,1945.9394256680537,3143.6934991603284,719.7659335853256,1521.1993941299252,81.76675277075756,60.479478,0.075484468,1.04831144e+00
uuv_0320,1954.9986295093977,780.7278066596758,1714.4467829590744,2001.028013106766,237.91864839085264,2045.8071891352517,22.30530743050537,27.693892,0.011965815,3.02817935e+00
uuv_0321,2652.8977049022214,1738.9254134434889,1531.5940724460352,3496.380354104343,711.4243322946232,3574.9435559466297,37.868748519228696,57.946439,0.058779214,1.28986088e+00
uuv_0322,1430.0253487440798,1641.7438677343175,1448.7864060848046,2089.1421721097236,402.6766278161357,2946.0676923114283,22.64479080672966,18.72364,0.010994309,2.22824138e+00
uuv_0323,3683.7295884167756,1014.7222948343518,1169.9233982064193,2141.0848547356795,436.9984972693595,2145.863979635244,76.81799543539037,23.284965,0.013606308,2.23910868e+00
uuv_0324,1394.9735464690366,898.0830856865026,1746.411270951216,3527.4679453707054,445.6958631802051,3247.354356101648,41.87288923207281,13.929358,0.017815906,1.02297046e+00
uuv_0325,3557.5732468381443,991.9116855575065,1822.1483998023498,1268.2799601760369,250.50610984139936,1813.0330078497605,10.406636048173233,63.018305,0.058992818,1.39767909e+00
uuv_0326,2017.044879623818,1096.9078614542318,1105.5151534530241,2137.83446331021,310.360103415102,1455.484987203779,87.69182395461452,61.760865,0.046083303,1.75351571e+00
uuv_0327,1078.1617277750681,1771.2488854620472,1689.9948266669107,3628.4477128398066,323.4945416040592,1923.02035452033,41.63482064983168,14.819378,0.017161051,1.12986355e+00
uuv_0328,1918.8407911710437,1415.1734165472014,1586.6135253516902,1775.5851058843868,569.6827541260793,2703.895739001705,83.2661984065267,32.493726,0.01464259,2.90349784e+00
uuv_0329,3168.64606757617,1128.165036247691,1784.8156095395425,3234.4644351487236,265.0120988855191,1361.5186104576205,66.26623007986193,19.404691,0.012911805,1.96634479e+00
uuv_0330,3870.6864776976518,1350.4830760862428,1840.8703881749766,1044.5238137131432,330.015284345234,1665.6113803654348,23.428717528642444,75.696072,0.050707553,1.95317242e+00
uuv_0331,2130.0292679700283,700.2987271555298,1251.9818963043274,2997.758378562042,247.69853063656234,2905.7945573320303,70.85445360750448,46.110353,0.025217206,2.39244171e+00
uuv_0332,1942.127390654452,1054.1255884210586,1965.8687131596953,1510.9986742915373,424.1133240962904,3575.1585151684494,53.19143804170135,51.357596,0.081549993,8.23987547e-01
uuv_0333,2508.396819664371,1984.0409226312072,1750.4761977776188,1180.7629479592551,718.5666304211283,3939.9123331641877,67.73907477214951,40.198274,0.027426584,1.91767750e+00
uuv_0334,1508.9676357282885,429.387117335132,1172.3021181657978,3535.943189590783,212.05370058882247,2908.1386495836623,26.420264901546496,37.674208,0.016272886,3.02914058e+00
uuv_0335,2650.7859446861785,1685.97287434768,945.980660826767,1526.3655998260492,322.3480298504193,1695.217747050091,49.46289821707769,39.575219,0.11143009,4.64687234e-01
uuv_0336,2274.9089525571117,1358.9035484837564,717.8268011547814,1237.6478806105881,251.30751042285277,3848.867713226711,40.676772972625656,22.028521,0.01914342,1.50558646e+00
uuv_0337,1256.7631884680131,988.0547138640001,1965.2482402019787,1689.8197712607912,299.7958190089766,2687.7080724982725,44.51271181607622,36.812167,0.052287593,9.21154807e-01
uuv_0338,3258.055216413972,1216.5090818294811,1483.4400052739134,2566.9922233535362,237.42730015483167,1407.2764526262943,14.413195204285689,25.015693,0.017554239,1.86453447e+00
uuv_0339,2189.4947912477614,655.5400964021512,416.0565018291802,2935.0865989470253,206.1735144751758,1352.1043621150177,95.03204586577375,40.033556,0.029826262,1.75616466e+00
uuv_0340,3838.825886354636,1805.3565129313647,1459.4972099220072,3654.421820625165,642.2419422009444,2648.7963351709154,45.554697727335515,24.600553,0.13627671,2.36190877e-01
uuv_0341,3711.9595666814625,1810.7683870093383,807.3959886919539,1226.284989308621,239.01689331302697,3897.886457003917,59.42615362043591,53.504669,0.030699628,2.28033396e+00
uuv_0342,2570.4583537441404,1730.146045535854,820.9541451521418,1832.3901092199867,307.6056389067404,1413.7499225035187,69.69153743415212,89.086326,0.082499434,1.41286274e+00
uuv_0343,2437.487605003769,1112.5351028876948,1830.465874416232,1247.206585648909,311.459677671061,3680.727254594137,27.26627879172075,57.962445,0.05663761,1.33900337e+00
uuv_0344,1800.1895818468477,590.7210109204108,1062.7083188014212,3518.8765057602295,276.01445474134323,2991.8916401419547,49.451421976744726,46.034791,0.030840111,1.95303544e+00
uuv_0345,2807.7938424672084,1126.3099609476203,1285.2465419731047,1173.6790861891498,411.22962564814657,3860.222138279924,91.15865282465973,41.527254,0.096634976,5.62262029e-01
uuv_0346,2581.4308762529636,1954.0929048736998,946.5151139658019,2337.3469678635174,407.1229097769922,2541.3574286497515,12.629080065873328,32.456201,0.03261031,1.30221487e+00
uuv_0347,2310.7273519126556,1274.1930159419755,1273.813330966032,3804.6868569399144,378.17937350947955,2825.8808183356523,27.382833745284934,71.007803,0.054424716,1.70706397e+00
uuv_0348,3086.2527306433526,1220.3832473616699,877.8561571173132,1202.2909222058279,414.40667149990054,1451.600821783343,73.3951606498916,15.038132,0.013115882,1.50015546e+00
uuv_0349,2825.2101490624764,1693.474375947196,694.9578240679951,2268.6194081127023,298.2095165685113,3775.8352805505438,46.39201671920057,13.17186,0.018657782,9.23691591e-01
uuv_0350,1561.2334395638982,1608.739641952881,731.8227496658426,2339.008284947494,311.11528834295876,2344.629262102872,88.24690980207689,72.511013,0.086212044,1.10046420e+00
uuv_0351,3996.925518919893,875.3353334156329,1579.4183843006256,2035.7112403244437,407.54600570835396,1770.7538320604344,70.83512471339789,53.897822,0.064453357,1.09412153e+00
uuv_0352,3130.6210230829342,1477.6400120975077,530.631075318254,2320.754508627217,250.72639168172475,1081.4009464293872,60.016822672432745,66.763872,0.070460536,1.23975383e+00
uuv_0353,2180.047754809697,612.7548440681796,1891.4754212661067,3922.7930490009894,290.36688742532453,2448.9602086274745,89.93584065069035,55.363165,0.099225152,7.30027177e-01
uuv_0354,1136.0031249632066,1604.546772983335,1053.2090452561547,3833.4181643117386,479.68083978807357,1094.338971896167,25.091546391850706,73.592788,0.088620295,1.08653059e+00
uuv_0355,1522.6218431454301,461.1004243892392,751.9087054309448,2316.733725851913,202.48478368038252,2507.4019666629683,61.93258634363807,17.231496,0.015109915,1.49211009e+00
uuv_0356,3862.7905021222787,1298.731290036544,1225.7429119920328,3513.030840671162,516.7547264608322,3310.3553829588177,58.40853697352453,26.612808,0.11179937,3.11452071e-01
uuv_0357,1207.6479476443221,1715.1811886950238,1437.6671596060091,3612.0930033617733,252.30512412380673,1147.1397600453054,52.65606911646169,49.729254,0.04775901,1.36237456e+00
uuv_0358,1520.2160115746901,1199.609031872981,1395.6067657318604,1205.3303422354115,477.13196685853626,3912.9736748316373,53.909253405419136,38.638458,0.020966908,2.41115591e+00
uuv_0359,2238.4295643630267,529.6549725370128,1585.026503010385,3562.26601560084,234.33557459907317,2340.4782772124795,61.58123952726401,17.426665,0.015421869,1.47848574e+00
uuv_0360,1999.6788520434352,1041.2999845969475,872.8962842265205,3997.7672051346544,253.39815203417172,2774.6231123405914,74.69351220780773,59.229238,0.097805785,7.92339836e-01
uuv_0361,2955.1818168011396,667.6580371069743,1201.5516372254392,1620.1925353255483,299.4032834805061,1284.2648156529574,11.264990986787037,50.901089,0.078008312,8.53740905e-01
uuv_0362,2576.4013642462855,1041.2023811039962,1393.2444564812588,3522.3666941122715,475.18388791993806,2806.6920664205095,55.06284378515763,41.742709,0.075315017,7.25168514e-01
uuv_0363,1725.3102795969685,1143.9479217791984,1368.6816812075506,1385.4237513161734,564.4273356853536,2572.8468837687933,11.279803960959033,47.899466,0.049876653,1.25653114e+00
uuv_0364,3450.475582088934,1523.7634285335175,999.2052533006934,2342.3040913755817,362.8893699587204,3116.371325598698,48.90711283832458,12.463573,0.012623528,1.29181913e+00
uuv_0365,1531.4046167489798,987.2588581289872,1797.2312324681116,2655.413618691207,234.31949496044643,2862.6940747949875,60.93352572669915,70.533122,0.06548185,1.40932791e+00
uuv_0366,2571.6890372932444,1324.1557674711682,1784.9862637768965,2909.6927879931254,298.06864869295276,1725.5005436961874,55.023713088531416,71.005613,0.053792018,1.72708906e+00
uuv_0367,1841.1418704039738,1202.355634538575,490.46798487698527,2046.2566446039834,205.10962054091272,1982.3338387238814,17.56850144072652,27.707276,0.015849971,2.28720581e+00
uuv_0368,2182.254534232061,1114.343399341071,1416.0317810066517,2793.4645705631265,537.8384517214133,3453.8015863349583,73.79069592745543,36.876603,0.087160765,5.53566459e-01
uuv_0369,3226.625349508046,1749.4017414948378,478.6526482189597,2770.250058089604,207.03559076040327,3597.018150509088,22.999337844560912,31.105088,0.030617004,1.32925601e+00
uuv_0370,3183.7752319636083,1443.5208775596245,684.7435363591003,1555.8950986843429,213.08158225911328,3175.9848844003695,24.571459992337076,74.019575,0.1209888,8.00463090e-01
uuv_0371,3337.885371382186,1408.840975086375,924.2445394076583,1973.0347761845187,326.93913569200356,1203.504863127196,29.281645332087002,62.887483,0.086666078,9.49412534e-01
uuv_0372,1764.808082653461,1497.6044151355652,793.1239725809099,2247.42627152893,280.4906815534432,1311.920203141261,93.07407087831767,58.958872,0.063741942,1.21021843e+00
uuv_0373,1852.7676204934405,1335.2479432130854,1604.8763495896978,2867.3628281598512,319.9496703803623,2533.315599492107,83.32463925573165,49.225644,0.057497181,1.12017208e+00
uuv_0374,3768.759130570613,719.0109623160257,446.8379677763,2690.5002254686947,215.8161122875761,3123.7117505471692,32.95982284229933,21.148408,0.013465265,2.05495668e+00
uuv_0375,2331.602824450893,1442.8278841682395,1640.7964840417876,3698.781575473658,214.1342519366865,2564.9022139523986,58.49936215384987,35.146788,0.16350557,2.81250296e-01
uuv_0376,3929.046452435193,532.6016556586786,611.058769381314,2439.5640329228663,239.1190604338704,1535.067702287468,64.6377851828739,25.386179,0.014267695,2.32800234e+00
uuv_0377,2557.9256305993995,402.73426888467617,1960.3737810341474,1452.1905607266067,200.64462709085808,1219.2405419283864,99.40548812402007,30.433375,0.14411911,2.76292092e-01
uuv_0378,2290.7025382034735,407.69217627522994,1162.2608355676016,3813.015308826985,202.78816534596243,1802.0149016317414,50.27432322453675,58.060369,0.10063577,7.54861532e-01
uuv_0379,3726.4128579150615,1434.165025731854,1973.1030869367728,1651.2748174714916,448.3381753457163,3222.692770482847,98.65933493148935,41.180497,0.12287896,4.38484179e-01
uuv_0380,2412.8044680269154,784.418611439055,1783.347243335854,3675.638583400051,299.5424128852412,2189.1859712436953,79.6854823991075,54.078455,0.026630874,2.65692167e+00
uuv_0381,1647.4893616209774,559.3796875831227,1293.9172042719513,2714.789144735366,276.22422832432744,1217.194563695381,99.64561642516028,73.721481,0.072978213,1.32172383e+00
uuv_0382,2513.609961592738,1729.7205736875408,1016.2205155480937,1221.2283333625037,389.95745669239693,3528.3119458134565,94.36350844340664,39.563753,0.078646184,6.58202792e-01
uuv_0383,1721.5972238387635,1304.5180629588667,1394.5276634448835,1796.4009396055662,267.38760040120354,1052.6615676544623,32.41515048138285,34.846646,0.028021896,1.62705922e+00
uuv_0384,1816.163624620221,1907.3177051956457,734.3813904066224,2485.813603294599,228.21380707143257,3159.9739132503996,72.23073915518864,32.282854,0.024030495,1.75771757e+00
uuv_0385,2332.481004452501,968.6868093071347,1212.8478357779202,3510.0687103960036,256.7664072629298,2724.938924921207,76.78871424203936,73.81104,0.07122427,1.35591731e+00
uuv_0386,1508.7663314384279,1509.1715868849076,1159.593942450674,3389.9217973686054,512.768729642122,3959.4884870130754,88.17674311288806,54.063988,0.063262409,1.11815560e+00
uuv_0387,1315.846893189981,1255.1430811175428,1962.7816022684683,1127.1341232285788,402.19001924636586,1858.6309521553887,10.764003909323314,32.050363,0.027516136,1.52400150e+00
uuv_0388,2270.324445789882,1326.1868089965997,1293.73807211463,3037.5781638325334,478.8284221870364,3361.001218715853,36.510720029530674,38.989582,0.021945913,2.32452816e+00
uuv_0389,2116.5373869903365,1386.9419041327408,926.2364555987691,3296.0024050323227,451.2933230179479,2418.5541533214237,53.30954746171359,14.326218,0.01234296,1.51863055e+00
uuv_0390,3008.6117143157935,1729.8299960365166,1110.6485471799833,2951.3538496746205,308.3355777536945,3314.971422485274,35.57380371395236,53.012756,0.062514066,1.10953888e+00
uuv_0391,1812.2586220376638,437.1887270933538,1197.8004925142986,2109.1782287754872,211.1296495769534,1951.1770753454618,39.23732372697252,80.947026,0.057577014,1.83946551e+00
uuv_0392,3909.653081700264,1955.8229270424747,928.2541901851399,3425.311862119008,333.52963516503587,1357.9974149763866,88.31640533284076,35.459021,0.095587766,4.85360374e-01
uuv_0393,3480.98851514856,825.5245810213786,1906.4989854843677,2114.333154949949,311.0990809475713,2903.5058276485315,70.701782801583,101.04608,0.076869314,1.71991249e+00
uuv_0394,1196.593720383389,1177.0276146845724,1932.4078751580792,1306.9520110987808,248.61497273173268,1964.0961448498279,51.77638578872932,86.205281,0.075664289,1.49067444e+00
uuv_0395,3831.4870650099097,1270.8740209105595,1745.241485504297,3203.671175935723,290.3527201461275,3390.9882312714353,61.72911580029529,43.997841,0.025915165,2.22135145e+00
uuv_0396,1987.9744267283068,1161.1761825229219,1261.216858250556,1008.4097212833574,539.0412987022094,1950.5369394359332,80.63823551464482,97.124863,0.059230034,2.14549903e+00
uuv_0397,1890.9928631531402,1121.9086014416014,1802.7326344704652,3253.8224917954844,463.6504301336541,3022.7962422222527,87.43991631274827,15.068285,0.016230643,1.21469712e+00
uuv_0398,3564.261878674665,1518.072599424858,1808.7065766152148,1587.1594165444499,489.88382585018974,1885.5227228150811,26.872117504670555,17.962097,0.012788416,1.83772347e+00
uuv_0399,2971.1797260438348,1486.2947286450353,1489.3781034024223,2672.7250081673737,327.22287221759655,2677.9822490838674,34.12976450557552,30.949929,0.015946535,2.53941226e+00
uuv_0400,2316.7916912767623,1716.2541396295246,889.4828651722878,2088.445530913972,330.9275648218718,3113.436840504498,33.389049726036134,22.534196,0.01389676,2.12162392e+00
uuv_0401,2840.226733992092,903.3439264663997,450.13156348630935,2656.770396702527,201.1327037696895,2463.540928908573,22.707449509647716,46.674881,0.042633124,1.43243842e+00
uuv_0402,1294.2504359854304,1358.129190280189,1373.3486383545278,1236.6178050964504,389.9403375452458,2166.645405303165,61.39914992637117,35.657072,0.12545924,3.71862957e-01
uuv_0403,1584.9969565562824,751.8838016511627,1509.8645628963438,1331.317310506507,202.16836140875,3885.311185167122,88.8773321720335,24.046784,0.018139665,1.73447335e+00
uuv_0404,1459.7846525287569,426.71482417218056,1109.5289848636185,2825.298823248396,202.80739118844116,3686.19705461766,44.439456889841956,46.376937,0.055156913,1.10012492e+00
uuv_0405,1015.0083137095764,1612.3377233503963,1760.869998496067,1829.3554426639457,480.6883190548311,2704.1659445359214,89.50144031296593,39.883688,0.1191221,4.38069332e-01
uuv_0406,1614.7932902301113,591.8320018786908,623.5605306987325,1083.1145335936887,253.55174922559604,2528.229730808691,26.4809156183137,32.42524,0.016067097,2.64049688e+00
uuv_0407,2808.887743205376,1277.1608251465973,1113.160589407988,3914.481440212695,469.11876858056655,1121.5996401437872,22.46277550224103,11.048124,0.046068833,3.13777073e-01
uuv_0408,2158.8719238530457,1509.4058729693168,1540.7341762639066,3955.9411405734168,247.33860038696352,1210.967656499852,70.78125869435353,13.791249,0.014640395,1.23251067e+00
uuv_0409,1146.5290850728873,1517.4432402668956,1248.7762879790898,1859.6694480254928,287.88826836852684,1407.4184999466538,33.72310663381842,32.566281,0.018745976,2.27300293e+00
uuv_0410,3283.6981905519374,1655.2773565979674,1840.6442498577246,1910.578428509354,272.26781564689134,1877.5729160462056,37.52631926901236,28.613282,0.02052846,1.82369075e+00
uuv_0411,1349.406935163629,631.1764954355062,1237.025973761387,3289.4914180518235,250.69124536374906,1974.2527009717332,46.14743446419983,45.935522,0.020147505,2.98309633e+00
uuv_0412,1239.4138785940909,1652.324211924965,792.0343179516717,2028.057999459717,243.5857723404864,1797.4799284387384,60.113204628602745,41.602931,0.074897098,7.26773074e-01
uuv_0413,2240.1463393951017,1704.8250220938687,1739.8589010991757,2914.624915177983,396.582417810493,1848.32422800846,24.47971308603539,51.854727,0.05394461,1.25770904e+00
uuv_0414,2763.8755981482773,477.7645658728272,1334.652340034867,3891.4623584252854,210.73881224835606,2005.5363321912128,63.309940113119886,30.694244,0.014186087,2.83096316e+00
uuv_0415,1272.0942393815005,1717.5329347277157,1725.5149974855333,3992.2061818999273,242.4027239880277,3203.469620578949,21.04982835709406,53.204933,0.11612263,5.99480300e-01
uuv_0416,2541.4123458926283,1377.528227490096,1894.3916208734297,2173.8981728636854,639.0816435121496,2446.6157900008234,44.77584214119436,30.816547,0.01384103,2.91310040e+00
uuv_0417,3707.090347198513,1037.7289259748118,1554.748959684899,2732.141889092399,407.5160862070933,1177.4189930715938,63.090232041115165,19.771619,0.01145432,2.25846217e+00
uuv_0418,3690.082755520893,1770.8654120110116,669.265000377753,3074.0804063681903,320.4911751284016,3111.5934123389648,14.540398184016865,65.604272,0.058367358,1.47062509e+00
uuv_0419,3729.48905249414,678.2224144457768,421.2707095262189,2539.5673639746046,208.9052636514014,2881.875959321589,74.25971934380163,80.513894,0.096044741,1.09682447e+00
uuv_0420,1312.4609132424002,481.8282511829409,1925.0240115406928,2534.187783588418,235.58306508420517,2587.459887409699,95.56083410949427,33.999137,0.17922571,2.48203261e-01
uuv_0421,2139.9626179329407,941.235426866276,1361.2901077190077,2927.7924143599107,316.8891412020996,1454.2386450769725,52.392585452480894,58.02218,0.086288115,8.79797969e-01
uuv_0422,1753.1127471178709,868.0744347799437,943.9223033394275,2584.812391999588,358.9809296357621,2739.7334278387725,87.74572934622604,14.082989,0.015420087,1.19494501e+00
uuv_0423,3552.6239433996843,548.0448587938877,1826.0418253711855,3457.719748999732,249.58871434242945,1556.3477894490575,89.01116568138843,10.804051,0.019948572,7.08622097e-01
uuv_0424,1919.5632274390277,1739.2210249530344,1532.309947225286,1118.203539029128,614.7671344765056,2667.69063341553,85.29298204995814,78.620346,0.10860707,9.47145617e-01
uuv_0425,2753.52908857097,1933.718774878566,892.3935279692564,1756.154335870002,285.96450020499674,2337.162826034146,51.58493024595975,26.508683,0.014821603,2.34009170e+00
uuv_0426,2271.876840368348,876.0875849938031,1833.9112801740978,3335.597495853063,280.9769582831704,1051.7718273682121,73.38116122958266,52.409489,0.041425003,1.65534021e+00
uuv_0427,1406.2998846782884,449.7903978290239,1217.166262782398,1364.0365837962668,212.79772659650493,3609.9622830387507,61.17034057569122,82.003553,0.069723986,1.53882898e+00
uuv_0428,3784.925400211264,1040.8733804669478,970.6380489359155,2903.703255124654,385.8842050392718,3963.7155006344187,71.10415612232963,36.679651,0.094367812,5.08558836e-01
uuv_0429,3911.2182856137156,1701.2054154950142,1405.9369151915014,1157.7150963462257,527.7156847624135,1818.4911808549182,77.22064394988982,49.685986,0.073680087,8.82315021e-01
uuv_0430,3549.1728111570874,1243.6256423339155,1965.6327530656345,2376.8399651837444,440.4252497762968,3015.1413488322314,39.91526027206747,31.164822,0.018944514,2.15239057e+00
uuv_0431,2555.2440298026645,1781.4155819562316,1288.3853611200266,1183.010962709321,293.22327739835214,1923.964955105795,35.75972321328287,61.874187,0.035542414,2.27773123e+00
uuv_0432,1127.1983833627771,695.2395553296767,1947.9842799098908,1111.3722815778428,235.431947066433,3754.9081749696015,19.923258245086316,39.415014,0.023216795,2.22125956e+00
uuv_0433,3780.5203791324752,473.2185991442872,1327.4828810933943,1254.485555068966,224.8672981867203,1630.4165983166204,82.1106308890549,35.470888,0.035519317,1.30661414e+00
uuv_0434,2424.764385837174,1659.8429421727851,1049.8454749545408,3641.831935061621,412.6976346143627,2564.577496707956,21.980078570071836,50.903233,0.11389897,5.84743569e-01
uuv_0435,2860.7952599859755,1751.6562101563352,700.9024550634684,1105.1102146280712,349.2931424882213,2885.147694478168,51.818433836507715,66.80325,0.054759928,1.59615335e+00
uuv_0436,2052.396179666407,1643.7791024836188,800.370763811631,3552.83141946197,200.8689055504433,3311.1044754743225,68.11028206686464,37.871503,0.044128881,1.12287011e+00
uuv_0437,3662.902385818549,997.744646388071,1631.2869024281074,2483.78009549754,295.8641056835477,2381.6563772494505,90.0989103570411,74.889491,0.076497848,1.28088917e+00
uuv_0438,1528.8100470081192,878.9410287917125,800.9861243224816,1910.368587561707,298.6237880202764,2377.226705404256,15.087394785970128,80.110665,0.067520913,1.55235814e+00
uuv_0439,3058.6673724282587,1079.1790679580145,671.0168662359433,3183.343781956628,308.490560300299,2364.250346531945,37.29907231021768,7.5986071,0.015847242,6.27364871e-01
uuv_0440,1238.9087062375438,678.2489088155228,1171.680310083365,2011.5456662447496,289.22140308881404,1797.7911251105593,67.15584289369725,47.268977,0.0962843,6.42333566e-01
uuv_0441,2870.614030025249,1812.973672191431,1192.769816065786,3979.7659432751534,547.7929663458806,3343.2517960773334,94.01565799798541,34.470764,0.062399941,7.22780813e-01
uuv_0442,2979.8754193892546,1054.580801097094,1270.6461511709033,1009.9980623585842,253.46292072816857,3986.9375319471874,68.68761561282723,71.557081,0.049160922,1.90446276e+00
uuv_0443,2852.264962389784,1332.7529838598043,1601.0526262974927,1456.0635140274167,363.2999453683491,1980.7401669480441,70.90267449498705,42.681767,0.043465934,1.28479330e+00
uuv_0444,3138.3354926292727,861.9051659962963,957.6554586380887,1590.6971903340943,413.9131747989436,2862.6282431240943,32.88840144611349,27.508921,0.017814944,2.02036100e+00
uuv_0445,2755.2873335299223,1465.2006108609055,713.3117776570107,3590.8550601219195,251.84316481889198,2216.5329838096486,81.78437147612247,20.093757,0.038769319,6.78129854e-01
uuv_0446,3340.133174540961,1110.3109854096647,1935.2026490235194,3840.279579991945,511.1771109446336,3761.8856938701915,87.4839018023852,64.950739,0.085790058,9.90574237e-01
uuv_0447,3363.010122087496,1356.8011124143413,869.1259590832822,3076.6090694059885,427.99288410984826,3277.9569897894216,77.51107551466052,96.059044,0.06532255,1.92404408e+00
uuv_0448,3831.9333728610145,1932.1284024098404,744.5030596737511,3257.692929959201,269.68673364805295,3289.663380610256,52.55675197740762,66.571561,0.085248239,1.02174663e+00
uuv_0449,1634.1547163514333,849.7831512852745,1718.5683511750053,2070.9552564707255,397.1165628497371,1630.402355045242,82.66632691337303,97.574445,0.09277963,1.37601555e+00
uuv_0450,1905.883432586737,1047.0858537176625,860.4605461749327,1521.923569700767,346.70180697664057,3660.060793720986,71.8367527577661,52.13575,0.051489648,1.32481610e+00
uuv_0451,3769.5145599444822,1613.4998167934252,432.76370410480285,3208.863637963064,213.76586709154645,3379.866823585323,92.0254470581562,23.704208,0.0388832,7.97633439e-01
uuv_0452,1237.633137439696,434.46123774810485,1197.4646436881205,2331.632811291339,201.84817759228133,2328.2452163141925,90.29751858699152,75.110443,0.14912361,6.59012735e-01
uuv_0453,3199.62935867087,1557.490255715623,1175.1015652124622,2652.911336903824,454.47041724230473,1223.4513829426714,83.72368128720049,36.350124,0.09801739,4.85224422e-01
uuv_0454,2914.4297915541606,1575.5532023818948,1268.1014222517147,3236.535261963326,261.61903141420464,3839.256605809706,22.425707574398118,19.773678,0.015654611,1.65266594e+00
uuv_0455,3620.6967111307777,1454.9115873083674,1094.6731748444145,2450.5633275811842,450.02916968485636,2789.5595081073216,20.95076970188506,45.846356,0.030935033,1.93907285e+00
uuv_0456,3825.5180255182704,605.3442366229369,665.3097120753205,3296.399000491439,216.18528378968833,1970.3192029676777,73.2029160464088,50.071064,0.046183941,1.41852083e+00
uuv_0457,2288.8613479881433,918.2000461282471,1078.9093641181976,2377.417018940011,444.4821089578303,3853.6284752258452,39.88821085883181,38.111109,0.13753038,3.62570815e-01
uuv_0458,2767.0013088556984,1376.4604776034435,1400.1763663846496,2819.5843315595384,444.8398878744804,3190.8571299353457,32.97745791833412,24.224158,0.0386142,8.20807905e-01
uuv_0459,2764.687926309841,469.1103303334497,1542.3651064745272,3844.756496424392,203.294161341258,1215.1333765046031,88.33819792871705,18.251613,0.013590349,1.75715687e+00
uuv_0460,1392.5085481030742,478.7177419134938,1491.6153932418897,1314.1596202227115,201.58013218728243,2671.743663646849,65.85406854596457,60.313592,0.11469916,6.88010165e-01
uuv_0461,3185.7168448034126,499.2258111561114,743.6760929394858,2002.2903981855686,234.97203225491333,3478.358301126522,50.018063071319006,39.504158,0.076107465,6.79133952e-01
uuv_0462,3184.6259627663712,1358.3936248465388,451.07596744837224,2824.049972025642,208.69540111508348,3909.0778521266093,74.45573430490721,35.316989,0.14270494,3.23805756e-01
uuv_0463,3719.780929574057,652.6717422410854,1126.9595534883706,1916.7088545009487,204.18119765828115,3479.124069299089,74.61772949136655,61.434088,0.13971708,5.75307202e-01
uuv_0464,1397.2856715376097,1260.5468280131176,1842.71207944259,2844.9792749673093,604.4661785469543,2557.452057834651,98.57343577632147,59.50509,0.11126913,6.99711989e-01
uuv_0465,1608.8519532334603,1973.3333382989688,987.6553701500604,3100.455721105544,438.63638415052196,3641.5424884114686,70.16650002764139,18.854617,0.012281288,2.00869359e+00
uuv_0466,1227.4545133348092,1625.844437146159,726.5294816011312,3766.5693542700833,204.32947363923606,3231.7586992295505,99.14534473633651,76.150913,0.055864388,1.78352810e+00
uuv_0467,3833.166564055131,1317.2768796975101,1403.2985236727295,1968.1640185542071,283.7660928500088,3192.608048307148,27.23954872736463,67.137993,0.07669789,1.14531469e+00
uuv_0468,2607.3348275441576,451.72685061602033,1463.832124580681,1624.9004945246484,207.84745976832772,1711.7688310839028,11.045972001166346,44.94241,0.033048062,1.77930441e+00
uuv_0469,2676.693875325814,1785.3106977565214,1514.6741635532737,1528.1526568078311,283.1686464148813,2512.5371755895335,18.59723382867517,44.974762,0.094283084,6.24129896e-01
uuv_0470,3561.5857922372707,1918.667048897783,1297.5083648803488,1177.3612817391236,555.8267787062193,1856.3369290764936,71.62983534552744,40.763879,0.020239487,2.63521410e+00
uuv_0471,3555.3487913660965,1966.9094187097946,1836.7286245181476,2751.233500297635,203.14846498799778,3860.148303205889,80.38333742621134,27.964027,0.016452013,2.22392716e+00
uuv_0472,3436.041688586763,1068.2429817296097,645.0440423513619,3830.166809798843,317.1665350991406,1981.7300483709832,67.31328641741695,55.019484,0.020124493,3.57710314e+00
uuv_0473,3058.5294211080754,738.9931644430391,568.4575106021366,1128.9258842572474,243.79372939286142,1102.2007223525145,97.63465185840272,49.023879,0.10644662,6.02581373e-01
uuv_0474,3905.3076708810336,1487.3168092031267,1148.7247808632274,2351.636866798289,484.64800606344187,3318.079891518955,24.20565244312492,9.1058116,0.032288539,3.68986224e-01
uuv_0475,2839.3221618727866,502.20096753092844,1362.3218695351138,1376.861214300098,222.81719386212444,2626.2074858685437,82.64326493242348,44.135505,0.038329293,1.50659728e+00
uuv_0476,3776.946008678817,987.0494886566412,412.3515493336566,1159.00855930656,206.10925151166552,3303.8341766071426,80.1392453110392,42.299476,0.086275005,6.41489985e-01
uuv_0477,3219.4061803898985,1020.8374461649605,726.6307670289997,1115.907082203692,336.7403215034723,2831.4560830534733,53.70871786639428,43.551803,0.15379663,3.70509380e-01
uuv_0478,1017.207508142785,531.2566685230536,1112.090758678326,1894.1608688616184,207.34624354595712,1318.8611930985085,53.481546646214596,35.732028,0.072564199,6.44280740e-01
uuv_0479,2092.1481692966845,1765.2941785077169,732.8294172907458,1848.7637046885616,357.67751737686444,3993.8037238886327,47.99817292400852,27.923597,0.065965861,5.53849822e-01
uuv_0480,1996.2887787850057,675.6618267058816,457.55356562441455,3529.9198957581107,214.90944577389877,1067.3237111503697,40.97697545922509,64.692413,0.071510316,1.18365339e+00
uuv_0481,1899.6530702289401,829.2019051834274,1814.5801382025122,2855.803847189033,346.88941616272535,2848.9004517135018,52.50455354516686,23.446671,0.11385136,2.69452887e-01
uuv_0482,2388.9437601985574,1631.219394025339,1503.2285712634846,1590.8500054164572,425.75687984313913,2065.2647709651173,62.668562158503505,67.978126,0.063476094,1.40119597e+00
uuv_0483,3354.882963464707,1301.0207641041443,1070.5753710588776,1005.7127128304857,486.17328738059814,2635.5857155231556,38.028126261642804,27.808975,0.015845637,2.29622888e+00
uuv_0484,3520.5019556966226,1255.9810054279076,783.0048342410109,3057.420756674364,313.26878972177553,2439.5318684603035,43.668998031963056,16.366314,0.017999954,1.18965040e+00
uuv_0485,1661.111848544424,1693.0093361308764,1778.125985001473,2735.4649720671414,755.1585686440757,2777.937561703148,20.432282837840464,60.38643,0.087875818,8.99103859e-01
uuv_0486,1628.5512209507297,1039.167423888593,580.2399271638528,1491.5191306881975,205.5009950713122,1966.2778368660095,38.80297611678996,20.311403,0.010545241,2.52013202e+00
uuv_0487,1470.0538117908834,1723.226965322207,1966.8354042658727,1932.1241009411547,429.5075228568064,3701.538771651563,78.69623590193041,31.382533,0.072461116,5.66660410e-01
uuv_0488,3631.6443314919607,1170.4567898115915,1387.7946897193713,1158.0562489671286,534.91083007527,1486.3332255092043,57.979334317650434,36.423999,0.014751407,3.23068092e+00
uuv_0489,1437.2867890771295,1931.2749176732755,1418.4578796085734,1387.1217128026644,560.2637336875594,1304.0058752985349,70.42492358292377,17.157551,0.016286368,1.37838632e+00
uuv_0490,1482.6099059418443,1003.7817951502301,1882.3413167868152,3302.100287096561,328.4386960197589,2655.171336479433,87.31071818531784,35.686455,0.01890675,2.46959882e+00
uuv_0491,2084.6777914785653,1531.5755008997237,541.1287300947812,3196.291986349315,263.8217522660427,3867.6047783187864,41.72433797916068,69.049801,0.050282958,1.79672455e+00
uuv_0492,2144.196103432886,1042.1520494012402,1803.1196410827813,3662.788022246576,426.28786166667226,3864.1738056421555,19.831913473645344,60.19515,0.10242415,7.68951647e-01
uuv_0493,2137.1534498721985,445.9783278960682,1774.4466287880286,3836.797493386656,216.9930966609959,1554.5495070503089,68.13536591645845,74.053784,0.056237581,1.72290178e+00
uuv_0494,3283.5032846804047,853.910726003749,1616.305596289483,3149.5257770241915,285.1261245405791,2853.116378088419,29.887374772632615,61.094299,0.10645272,7.50902945e-01
uuv_0495,1913.5710432103065,1833.8247572174328,1369.5797352050906,2538.7640293963223,321.8104597915366,2147.9638119358624,48.08748958655631,78.004733,0.077892842,1.31027754e+00
uuv_0496,3766.1509359538973,988.0188986109605,1768.1170291979465,2214.8645774931274,434.51677573708696,3063.4134814975914,11.440813602410305,26.992515,0.014578174,2.42259109e+00
uuv_0497,2941.318431173161,1671.416404831556,1352.9643943441038,1320.3647276355148,610.5319362546809,1336.6198431764922,78.78010381094307,81.015474,0.066892461,1.58464030e+00
uuv_0498,2330.2482223341085,1082.6957986830994,1951.684359450843,3444.7163479723445,315.9191456380977,2140.209132280731,75.04049208003549,23.06883,0.015550944,1.94092482e+00
uuv_0499,3700.3724617237162,1828.780382377702,447.0073740499654,1278.155577236028,206.98856263704383,2743.9296197626936,71.69535923445301,80.353733,0.051858831,2.02732429e+00
